profileUrl,profileName,followersCount,followingCount,isPrivate,imageUrl,postsCount,query,,,,following*2/3,followersCount
https://www.instagram.com/yenern88/,yenern88,7789,5170,FALSE,https://scontent-lga3-2.cdninstagram.com/v/t51.2885-19/176380137_1178213332627194_8240678637321755571_n.jpg?stp=dst-jpg_s320x320&_nc_ht=scontent-lga3-2.cdninstagram.com&_nc_cat=106&_nc_ohc=kQ5QAG-B8xwAX98QD_H&edm=ABfd0MgBAAAA&ccb=7-4&oh=00_AT-LVPScvT4rq9c_rScX3ytEKtDgx1spx9vHHg5bDxshug&oe=622DC830&_nc_sid=7bff83,500,https://www.instagram.com/yenern88,,,,3446.666667,7789
https://www.instagram.com/nikolai_eats/,nikolai_eats,22609,1237,FALSE,https://scontent-lga3-2.cdninstagram.com/v/t51.2885-19/47584048_303903790257902_4503262021466193920_n.jpg?stp=dst-jpg_s320x320&_nc_ht=scontent-lga3-2.cdninstagram.com&_nc_cat=102&_nc_ohc=SqZoGqJ6ITEAX_npYMi&edm=ABfd0MgBAAAA&ccb=7-4&oh=00_AT-TXscp23S40pMhqvaGsHOoHRVPAN85YWOKd-tHKZk0kQ&oe=622E2AC1&_nc_sid=7bff83,2672,https://www.instagram.com/nikolai_eats,,,,824.6666667,22609
https://www.instagram.com/daisyday2088/,daisyday2088,2463,3438,FALSE,https://scontent-lga3-2.cdninstagram.com/v/t51.2885-19/118308491_333778024648728_2173204601517218500_n.jpg?stp=dst-jpg_s320x320&_nc_ht=scontent-lga3-2.cdninstagram.com&_nc_cat=100&_nc_ohc=FxL11RRtcF0AX-Bb00T&edm=ABfd0MgBAAAA&ccb=7-4&oh=00_AT-8PE4jYiKNn-dkNWXEuQEBtBc-ukG1Dl0pGuEV-xdlTA&oe=622D2D5B&_nc_sid=7bff83,196,https://www.instagram.com/daisyday2088,,,,2292,2463
https://www.instagram.com/icucvc4ever/,icucvc4ever,5035,642,FALSE,https://scontent-lga3-2.cdninstagram.com/v/t51.2885-19/97935922_259166821948811_5248896566281895936_n.jpg?stp=dst-jpg_s320x320&_nc_ht=scontent-lga3-2.cdninstagram.com&_nc_cat=111&_nc_ohc=4dg7GzPIV00AX9Hyoy-&edm=ABfd0MgBAAAA&ccb=7-4&oh=00_AT_CmWUZXir_pNAw3KAoUbgYa7c1uXHLCVeyUCDw4tRfeQ&oe=622EF47A&_nc_sid=7bff83,540,https://www.instagram.com/icucvc4ever,,,,428,5035
https://www.instagram.com/fatspoting/,fatspoting,13196,579,FALSE,https://scontent-lga3-2.cdninstagram.com/v/t51.2885-19/234233430_568507267504445_7592948825465369784_n.jpg?stp=dst-jpg_s320x320&_nc_ht=scontent-lga3-2.cdninstagram.com&_nc_cat=105&_nc_ohc=IwRBi3i2IxAAX8Mch2W&edm=ABfd0MgBAAAA&ccb=7-4&oh=00_AT_pT93gE1xzodzpWxmOzXcdulK0gq-Xb60zPKhkOb-F1w&oe=622DE2B2&_nc_sid=7bff83,1176,https://www.instagram.com/fatspoting,,,,386,13196
https://www.instagram.com/karhingc/,karhingc,19693,929,FALSE,https://scontent-lga3-2.cdninstagram.com/v/t51.2885-19/101699928_256847948931091_3643509408191956925_n.jpg?stp=dst-jpg_s320x320&_nc_ht=scontent-lga3-2.cdninstagram.com&_nc_cat=107&_nc_ohc=96QXHJ7T_ooAX-JeLBq&edm=ABfd0MgBAAAA&ccb=7-4&oh=00_AT8TISHNLDXmB4IVBl5cR6QQbnjSym5zLBPzYC6tFcVpNg&oe=622D4695&_nc_sid=7bff83,2310,https://www.instagram.com/karhingc,,,,619.3333333,19693
https://www.instagram.com/cennds/,cennds,11216,746,FALSE,https://scontent-lga3-2.cdninstagram.com/v/t51.2885-19/271670446_3008532386077180_5060711811297899404_n.jpg?stp=dst-jpg_s320x320&_nc_ht=scontent-lga3-2.cdninstagram.com&_nc_cat=104&_nc_ohc=3lCAuKXpRUwAX-40W_s&edm=ABfd0MgBAAAA&ccb=7-4&oh=00_AT97xY5OpY9KbMBKp6FoGq2UYbsGjMKwHuXnmJi2qrXKCQ&oe=622D7EA4&_nc_sid=7bff83,1015,https://www.instagram.com/cennds,,,,497.3333333,11216
https://www.instagram.com/nickblitzz/,nickblitzz,8897,1525,FALSE,https://scontent-lga3-2.cdninstagram.com/v/t51.2885-19/70690394_521713285324389_1231908800743604224_n.jpg?stp=dst-jpg_s320x320&_nc_ht=scontent-lga3-2.cdninstagram.com&_nc_cat=109&_nc_ohc=hk8HDosqWJ8AX_SP1Ue&edm=ABfd0MgBAAAA&ccb=7-4&oh=00_AT-NJL5-5SzEMuSw3APQbsmNXJDEFM95Fz9PRV_Egrk5DA&oe=622E4AA5&_nc_sid=7bff83,3452,https://www.instagram.com/nickblitzz,,,,1016.666667,8897
https://www.instagram.com/jarylzhangjs/,jarylzhangjs,11655,6294,FALSE,https://scontent-lga3-2.cdninstagram.com/v/t51.2885-19/268245706_149087660779862_249602715841615770_n.jpg?stp=dst-jpg_s320x320&_nc_ht=scontent-lga3-2.cdninstagram.com&_nc_cat=102&_nc_ohc=FQA1-J9BMpAAX-Rv-it&edm=ABfd0MgBAAAA&ccb=7-4&oh=00_AT9bP3eovmuAdRWJn0hQi5ktEMDHQrL4GLOvD6rVz5lLBA&oe=622ED296&_nc_sid=7bff83,4701,https://www.instagram.com/jarylzhangjs,,,,4196,11655
https://www.instagram.com/joel_hohoho/,joel_hohoho,749,1104,FALSE,https://scontent-lga3-2.cdninstagram.com/v/t51.2885-19/77117939_286493165560826_6433310991601106944_n.jpg?stp=dst-jpg_s320x320&_nc_ht=scontent-lga3-2.cdninstagram.com&_nc_cat=102&_nc_ohc=-7Fj28__0B8AX83-C-y&edm=ABfd0MgBAAAA&ccb=7-4&oh=00_AT8n73MvvRZWrD9xKtX_6XNcrGJazUIZNpPeR-wuOqozkw&oe=622D2177&_nc_sid=7bff83,92,https://www.instagram.com/joel_hohoho,,,,736,749
https://www.instagram.com/rachaelwong/,rachaelwong,15623,1306,FALSE,https://scontent-lga3-2.cdninstagram.com/v/t51.2885-19/72649771_436861333921159_8248848660381564928_n.jpg?stp=dst-jpg_s320x320&_nc_ht=scontent-lga3-2.cdninstagram.com&_nc_cat=107&_nc_ohc=HcWxYMWK3-gAX9jpMPJ&edm=ABfd0MgBAAAA&ccb=7-4&oh=00_AT9Z3N1ulKNjMaboXVfFID501vxD7wx8OKh8CR9yj5UmQQ&oe=622E5B7A&_nc_sid=7bff83,3620,https://www.instagram.com/rachaelwong,,,,870.6666667,15623
https://www.instagram.com/foodilicious_diva/,foodilicious_diva,20736,1517,FALSE,https://scontent-lga3-2.cdninstagram.com/v/t51.2885-19/43354107_1100304976798161_6449603713815281664_n.jpg?stp=dst-jpg_s320x320&_nc_ht=scontent-lga3-2.cdninstagram.com&_nc_cat=109&_nc_ohc=TDzPcPnn6GkAX_3hep3&edm=ABfd0MgBAAAA&ccb=7-4&oh=00_AT8LaiPOE5ajDsdYvb4dh5unEWqdxeSHPIVlR--RZu-LGw&oe=622DCD69&_nc_sid=7bff83,1322,https://www.instagram.com/foodilicious_diva,,,,1011.333333,20736
https://www.instagram.com/makahhye/,makahhye,5219,2182,FALSE,https://scontent-lga3-2.cdninstagram.com/v/t51.2885-19/275141111_559323515049573_1552296352097050375_n.jpg?stp=dst-jpg_s320x320&_nc_ht=scontent-lga3-2.cdninstagram.com&_nc_cat=109&_nc_ohc=n2F-yN1hZkcAX-K3GUS&edm=ABfd0MgBAAAA&ccb=7-4&oh=00_AT9lyDimQ6RglX7lKBmXUZc_PV5WiV6n-JoilZyVxAUOng&oe=622D4171&_nc_sid=7bff83,243,https://www.instagram.com/makahhye,,,,1454.666667,5219
https://www.instagram.com/fukudonsg/,fukudonsg,1090,0,FALSE,https://scontent-lga3-2.cdninstagram.com/v/t51.2885-19/124863876_795501254640442_614037111980377304_n.jpg?stp=dst-jpg_s320x320&_nc_ht=scontent-lga3-2.cdninstagram.com&_nc_cat=110&_nc_ohc=b7EzKLhNJGQAX9DD2qw&edm=ABfd0MgBAAAA&ccb=7-4&oh=00_AT_dG-3AAAbM8rm0ynKHRYbjdOdq-UIr9AFPlsFt-YyG7w&oe=622DEEF0&_nc_sid=7bff83,61,https://www.instagram.com/fukudonsg,,,,0,1090
https://www.instagram.com/sgnomster/,sgnomster,25296,2371,FALSE,https://scontent-lga3-2.cdninstagram.com/v/t51.2885-19/167821014_297278475247723_2561000490612062991_n.jpg?stp=dst-jpg_s320x320&_nc_ht=scontent-lga3-2.cdninstagram.com&_nc_cat=107&_nc_ohc=i6YSJ60GUZwAX_IgUda&edm=ABfd0MgBAAAA&ccb=7-4&oh=00_AT_Tcf0f1Mbb2IMPSNB3UWUBiSo0j_UAnXhVOdhJiM7VBQ&oe=622E2F10&_nc_sid=7bff83,1691,https://www.instagram.com/sgnomster,,,,1580.666667,25296
https://www.instagram.com/wenjun.g/,wenjun.g,831,915,FALSE,https://scontent-lga3-2.cdninstagram.com/v/t51.2885-19/79385088_464872937526921_3479868230766428160_n.jpg?stp=dst-jpg_s320x320&_nc_ht=scontent-lga3-2.cdninstagram.com&_nc_cat=109&_nc_ohc=yA3DWwwZE0AAX_8lR1c&edm=ABfd0MgBAAAA&ccb=7-4&oh=00_AT8kVbQFSN4HmLsgL9ZEXWA6jRS5TvS9YgGMM30FS1l0ow&oe=622D6C33&_nc_sid=7bff83,132,https://www.instagram.com/wenjun.g,,,,610,831
https://www.instagram.com/gigabitesg/,gigabitesg,677,299,FALSE,https://scontent-lga3-2.cdninstagram.com/v/t51.2885-19/208229597_221413173138989_2869685507983330186_n.jpg?stp=dst-jpg_s320x320&_nc_ht=scontent-lga3-2.cdninstagram.com&_nc_cat=105&_nc_ohc=G3wU-e6Jp68AX8Ewz6P&edm=ABfd0MgBAAAA&ccb=7-4&oh=00_AT9CmR5gsHfovyvmUyNxSrwATwVZaHBMalcWeZks4FsYiQ&oe=622F0F0B&_nc_sid=7bff83,8,https://www.instagram.com/gigabitesg,,,,199.3333333,677
https://www.instagram.com/ig.samson/,ig.samson,489,494,FALSE,https://scontent-lga3-2.cdninstagram.com/v/t51.2885-19/124912201_705204243741881_7906495342267218310_n.jpg?stp=dst-jpg_s320x320&_nc_ht=scontent-lga3-2.cdninstagram.com&_nc_cat=105&_nc_ohc=aEM_aDIrNCYAX_-YshR&edm=ABfd0MgBAAAA&ccb=7-4&oh=00_AT-gyjNGgt68eNmQ2874YQ057PPxcOCRntMgy8yld5j5bA&oe=622E9475&_nc_sid=7bff83,30,https://www.instagram.com/ig.samson,,,,329.3333333,489
https://www.instagram.com/gelianggg/,gelianggg,3024,1406,FALSE,https://scontent-lga3-2.cdninstagram.com/v/t51.2885-19/1889382_669878003155226_382366581_a.jpg?stp=dst-jpg_s320x320&_nc_ht=scontent-lga3-2.cdninstagram.com&_nc_cat=102&_nc_ohc=i-3L0VWxOl0AX-PuHdb&edm=ABfd0MgBAAAA&ccb=7-4&oh=00_AT8-wnWS23qjvEG4lh1kPZKSuYCB7Ill77xoHzGUnRBmZg&oe=622E2862&_nc_sid=7bff83,98,https://www.instagram.com/gelianggg,,,,937.3333333,3024
https://www.instagram.com/foodiebots/,foodiebots,2474,465,FALSE,https://scontent-lga3-2.cdninstagram.com/v/t51.2885-19/126264993_1242213952824607_532247324186340909_n.jpg?stp=dst-jpg_s320x320&_nc_ht=scontent-lga3-2.cdninstagram.com&_nc_cat=107&_nc_ohc=h47k0n2W7usAX-bglNQ&edm=ABfd0MgBAAAA&ccb=7-4&oh=00_AT8WFTGL60akvg29w62nx7DG67QRSShFwGJM2izzDXudjg&oe=622EF034&_nc_sid=7bff83,331,https://www.instagram.com/foodiebots,,,,310,2474
https://www.instagram.com/tummyforlyfe/,tummyforlyfe,2534,401,FALSE,https://scontent-yyz1-1.cdninstagram.com/v/t51.2885-19/241461359_582845476204117_9024983650834210421_n.jpg?stp=dst-jpg_s320x320&_nc_ht=scontent-yyz1-1.cdninstagram.com&_nc_cat=101&_nc_ohc=hlpyrvrB0TcAX8q20Xk&edm=ABfd0MgBAAAA&ccb=7-4&oh=00_AT_WKkP04NMpJ0KREseDkFNVpchoE6obo0W27WHAFOFmNQ&oe=622D596E&_nc_sid=7bff83,111,https://www.instagram.com/tummyforlyfe,,,,267.3333333,2534
https://www.instagram.com/thatfoodadv/,thatfoodadv,1885,497,FALSE,https://scontent-yyz1-1.cdninstagram.com/v/t51.2885-19/275192023_2769234273373541_8906533048490549143_n.jpg?stp=dst-jpg_s320x320&_nc_ht=scontent-yyz1-1.cdninstagram.com&_nc_cat=105&_nc_ohc=q9qRFtRvUg4AX-oEHXP&edm=ABfd0MgBAAAA&ccb=7-4&oh=00_AT-wKJ7V5yJKtNE1wvbXqTsdw4T2s2hnGZ4-s4YZbnfEgw&oe=622EA183&_nc_sid=7bff83,183,https://www.instagram.com/thatfoodadv,,,,331.3333333,1885
https://www.instagram.com/foodiipedia/,foodiipedia,7853,7499,FALSE,https://scontent-yyz1-1.cdninstagram.com/v/t51.2885-19/15803797_561990647339336_7530190981245698048_a.jpg?stp=dst-jpg_s320x320&_nc_ht=scontent-yyz1-1.cdninstagram.com&_nc_cat=108&_nc_ohc=IyWvTgg5nUkAX-86KI-&edm=ABfd0MgBAAAA&ccb=7-4&oh=00_AT8oOz4G2aMqVm4m05ekd4VBlOWE0My6VzOw8R_Z6XBMEQ&oe=622D9922&_nc_sid=7bff83,946,https://www.instagram.com/foodiipedia,,,,4999.333333,7853
https://www.instagram.com/williamwijayya/,williamwijayya,1072,609,FALSE,https://scontent-yyz1-1.cdninstagram.com/v/t51.2885-19/273118692_329195792492857_5734969458671807820_n.jpg?stp=dst-jpg_s320x320&_nc_ht=scontent-yyz1-1.cdninstagram.com&_nc_cat=101&_nc_ohc=ArBWmM-kcDoAX9jBbQw&edm=ABfd0MgBAAAA&ccb=7-4&oh=00_AT-UjQlx-lPVtPjYUP3FygHZyuoUq5_h9NII4bKajFpzhQ&oe=622EFB5A&_nc_sid=7bff83,58,https://www.instagram.com/williamwijayya,,,,406,1072
https://www.instagram.com/zeldazard/,zeldazard,290,236,FALSE,https://scontent-yyz1-1.cdninstagram.com/v/t51.2885-19/125924933_586637588782279_4215444679540139983_n.jpg?stp=dst-jpg_s320x320&_nc_ht=scontent-yyz1-1.cdninstagram.com&_nc_cat=107&_nc_ohc=0RIrgEsegxIAX_sXSbM&edm=ABfd0MgBAAAA&ccb=7-4&oh=00_AT9N8GpeOw-NZ4qyB8uDkBMv9w9EFzqoApFTzxA6S6_ibA&oe=622E1AB1&_nc_sid=7bff83,983,https://www.instagram.com/zeldazard,,,,157.3333333,290
https://www.instagram.com/nikfurry/,nikfurry,603,532,FALSE,https://scontent-yyz1-1.cdninstagram.com/v/t51.2885-19/10914126_723476191092915_1713918388_a.jpg?_nc_ht=scontent-yyz1-1.cdninstagram.com&_nc_cat=103&_nc_ohc=LJAKFs8Wo4kAX8OZl_i&edm=ABfd0MgBAAAA&ccb=7-4&oh=00_AT_N5JdzZyl1niEMlCpt1GKNVkiBnkRjRDUbWxujw4r47g&oe=622DE26E&_nc_sid=7bff83,257,https://www.instagram.com/nikfurry,,,,354.6666667,603
https://www.instagram.com/ferreriphuaa/,ferreriphuaa,1241,1318,FALSE,https://scontent-yyz1-1.cdninstagram.com/v/t51.2885-19/259808664_517291946331769_2290318365876907968_n.jpg?stp=dst-jpg_s320x320&_nc_ht=scontent-yyz1-1.cdninstagram.com&_nc_cat=101&_nc_ohc=inFWRN5WzAsAX9g74Tf&edm=ABfd0MgBAAAA&ccb=7-4&oh=00_AT94EQ8GogqFMz-WvJOh9qPgJ7M3FlfR7tN5ifh-FUHmlA&oe=622D9DF4&_nc_sid=7bff83,348,https://www.instagram.com/ferreriphuaa,,,,878.6666667,1241
https://www.instagram.com/claretmy/,claretmy,1410,588,FALSE,https://scontent-yyz1-1.cdninstagram.com/v/t51.2885-19/275016274_328494812417384_4620218631494980294_n.jpg?stp=dst-jpg_s320x320&_nc_ht=scontent-yyz1-1.cdninstagram.com&_nc_cat=108&_nc_ohc=5lT4Ld9-zGcAX-pUFaX&edm=ABfd0MgBAAAA&ccb=7-4&oh=00_AT9DttmvQsuNpAxiWkdK5PGSEnRngkw6h4YoI_FCxTS3KQ&oe=622EE624&_nc_sid=7bff83,1288,https://www.instagram.com/claretmy,,,,392,1410
https://www.instagram.com/juls.makan.adventure/,juls.makan.adventure,2286,999,FALSE,https://scontent-yyz1-1.cdninstagram.com/v/t51.2885-19/269496352_129956692811578_3848622181425840544_n.jpg?stp=dst-jpg_s320x320&_nc_ht=scontent-yyz1-1.cdninstagram.com&_nc_cat=110&_nc_ohc=ztzvxbksZXIAX_mclwZ&edm=ABfd0MgBAAAA&ccb=7-4&oh=00_AT_3lHTTkr0KiL5VjZa7y9jiqxfzpj1jdHyqWGojG8ocZg&oe=622D8F8F&_nc_sid=7bff83,279,https://www.instagram.com/juls.makan.adventure,,,,666,2286
https://www.instagram.com/haroldlouiz/,haroldlouiz,6309,5044,FALSE,https://scontent-yyz1-1.cdninstagram.com/v/t51.2885-19/133681184_146868283665775_6456226656377938508_n.jpg?stp=dst-jpg_s320x320&_nc_ht=scontent-yyz1-1.cdninstagram.com&_nc_cat=107&_nc_ohc=nS0nHcNlLaoAX_j7ddc&edm=ABfd0MgBAAAA&ccb=7-4&oh=00_AT-3-8RRNGXcCKtAFftmEZyK0V533GgDXitR5erL1v2UOg&oe=622E0312&_nc_sid=7bff83,785,https://www.instagram.com/haroldlouiz,,,,3362.666667,6309
https://www.instagram.com/jjleong/,jjleong,944,1146,FALSE,https://scontent-yyz1-1.cdninstagram.com/v/t51.2885-19/61504507_463294164213932_1060026657689042944_n.jpg?stp=dst-jpg_s320x320&_nc_ht=scontent-yyz1-1.cdninstagram.com&_nc_cat=108&_nc_ohc=dxKZ53ZOL2UAX-bPc97&edm=ABfd0MgBAAAA&ccb=7-4&oh=00_AT8YEIWVTjTJrW3AEi_qODXIaMzndtg2yxUddPQ23cDnOQ&oe=622D78D3&_nc_sid=7bff83,281,https://www.instagram.com/jjleong,,,,764,944
https://www.instagram.com/martintan35/,martintan35,111,101,FALSE,https://scontent-yyz1-1.cdninstagram.com/v/t51.2885-19/137287054_462833881377952_5670382169975039171_n.jpg?stp=dst-jpg_s320x320&_nc_ht=scontent-yyz1-1.cdninstagram.com&_nc_cat=104&_nc_ohc=3GRmk1sd7ggAX9pALnS&edm=ABfd0MgBAAAA&ccb=7-4&oh=00_AT-6iqN-mQf_VBm_TTTlACe61RkRV-xmX59xCs5817W2wg&oe=622E6C23&_nc_sid=7bff83,57,https://www.instagram.com/martintan35,,,,67.33333333,111
https://www.instagram.com/xiaogrey/,xiaogrey,1882,1513,FALSE,https://scontent-yyz1-1.cdninstagram.com/v/t51.2885-19/102635190_285645022818875_5436397636767231985_n.jpg?stp=dst-jpg_s320x320&_nc_ht=scontent-yyz1-1.cdninstagram.com&_nc_cat=111&_nc_ohc=itSqlulo9Q4AX8m7CV4&edm=ABfd0MgBAAAA&ccb=7-4&oh=00_AT8YhIsN8P6GUlOochwGmSMePCcEQ0fcUEC1jJHMxOR4IQ&oe=622E61A0&_nc_sid=7bff83,202,https://www.instagram.com/xiaogrey,,,,1008.666667,1882
https://www.instagram.com/fattyontherun/,fattyontherun,1168,811,FALSE,https://scontent-yyz1-1.cdninstagram.com/v/t51.2885-19/274261835_362508069026801_4368933214974233063_n.jpg?stp=dst-jpg_s320x320&_nc_ht=scontent-yyz1-1.cdninstagram.com&_nc_cat=105&_nc_ohc=XgL1cVKl2ZUAX9oRGy6&edm=ABfd0MgBAAAA&ccb=7-4&oh=00_AT-E_TAjM2oysXEHcB5Wch-_DGnMUOggMbrhI6X4apsWAQ&oe=622F062C&_nc_sid=7bff83,170,https://www.instagram.com/fattyontherun,,,,540.6666667,1168
https://www.instagram.com/comealrdy/,comealrdy,943,1089,FALSE,https://scontent-yyz1-1.cdninstagram.com/v/t51.2885-19/271178792_463511658619995_8187622363534580618_n.jpg?stp=dst-jpg_s320x320&_nc_ht=scontent-yyz1-1.cdninstagram.com&_nc_cat=103&_nc_ohc=MMxdbRk0ciwAX8Ed9MS&edm=ABfd0MgBAAAA&ccb=7-4&oh=00_AT9tXgK8pfgI1xft8ZeqbHayEJW3mYIIIfaQ2L5RFzP5xA&oe=622E9F38&_nc_sid=7bff83,171,https://www.instagram.com/comealrdy,,,,726,943
https://www.instagram.com/b.t_822/,b.t_822,262,234,FALSE,https://scontent-yyz1-1.cdninstagram.com/v/t51.2885-19/197542762_323473056022561_7309469647543527862_n.jpg?stp=dst-jpg_s320x320&_nc_ht=scontent-yyz1-1.cdninstagram.com&_nc_cat=101&_nc_ohc=WJX6tXzOF5cAX-FQV5M&edm=ABfd0MgBAAAA&ccb=7-4&oh=00_AT8n_6F-rho40noEJLJ166uHG02Tpj01Vn4KWDV_WoJpuQ&oe=622D574F&_nc_sid=7bff83,38,https://www.instagram.com/b.t_822,,,,156,262
https://www.instagram.com/jaronntim/,jaronntim,342,340,FALSE,https://scontent-yyz1-1.cdninstagram.com/v/t51.2885-19/12224253_921876634568835_189352241_a.jpg?stp=dst-jpg_s320x320&_nc_ht=scontent-yyz1-1.cdninstagram.com&_nc_cat=103&_nc_ohc=dLE3im9KBDoAX9u0dWi&edm=ABfd0MgBAAAA&ccb=7-4&oh=00_AT9KosKc75hcXCyEA_ESQ_tZfsg4PLAb7A6FtZ_Pcm5O-Q&oe=622F0726&_nc_sid=7bff83,380,https://www.instagram.com/jaronntim,,,,226.6666667,342
https://www.instagram.com/shawnwkk/,shawnwkk,2641,921,FALSE,https://scontent-yyz1-1.cdninstagram.com/v/t51.2885-19/75158657_2484655595114241_1614727563777671168_n.jpg?stp=dst-jpg_s320x320&_nc_ht=scontent-yyz1-1.cdninstagram.com&_nc_cat=109&_nc_ohc=iyGQfYsQXcYAX9V8rvp&edm=ABfd0MgBAAAA&ccb=7-4&oh=00_AT9BSEnWuQOyQ82c7xSU7wtmOMyQrq1f-vuQjDIukTtTOQ&oe=622E427F&_nc_sid=7bff83,1183,https://www.instagram.com/shawnwkk,,,,614,2641
https://www.instagram.com/baankanomthai.sg/,baankanomthai.sg,2132,153,FALSE,https://scontent-yyz1-1.cdninstagram.com/v/t51.2885-19/275041764_335891038468372_5294371690620293484_n.jpg?stp=dst-jpg_s320x320&_nc_ht=scontent-yyz1-1.cdninstagram.com&_nc_cat=104&_nc_ohc=2we3nuoUbhwAX8bOYjn&edm=ABfd0MgBAAAA&ccb=7-4&oh=00_AT-9cudYSm3lXlFO-3yebbf0pCM0nCyVNE_MVrxi1Y-GiQ&oe=622EB2AB&_nc_sid=7bff83,217,https://www.instagram.com/baankanomthai.sg,,,,102,2132
https://www.instagram.com/gabbruhhh/,gabbruhhh,691,712,FALSE,https://instagram.fhio3-1.fna.fbcdn.net/v/t51.2885-19/53330911_1202606599909326_4360531857264082944_n.jpg?stp=dst-jpg_s320x320&_nc_ht=instagram.fhio3-1.fna.fbcdn.net&_nc_cat=106&_nc_ohc=XvgBNpQ_-YgAX9DyjXg&edm=ABfd0MgBAAAA&ccb=7-4&oh=00_AT-rCx2HyMv2qxB7EIULVafV5NkI5QC2-P1Az-FPiYErfA&oe=622D43F5&_nc_sid=7bff83,466,https://www.instagram.com/gabbruhhh,,,,474.6666667,691
https://www.instagram.com/ingraceandfaith/,ingraceandfaith,119,60,FALSE,https://instagram.fhio3-1.fna.fbcdn.net/v/t51.2885-19/274680378_678147479978055_8701242340974157692_n.jpg?stp=dst-jpg_s320x320&_nc_ht=instagram.fhio3-1.fna.fbcdn.net&_nc_cat=103&_nc_ohc=vY23YTeEDKAAX-IIDne&edm=ABfd0MgBAAAA&ccb=7-4&oh=00_AT_0CrWcKLLnQ8C9wIs7sIMGmHaTu1pnptY9NUpFbzjtRA&oe=622DA407&_nc_sid=7bff83,71,https://www.instagram.com/ingraceandfaith,,,,40,119
https://www.instagram.com/suri.aney/,suri.aney,1100,246,FALSE,https://instagram.fhio3-1.fna.fbcdn.net/v/t51.2885-19/274891498_1062446977671501_7760234294101045042_n.jpg?stp=dst-jpg_s320x320&_nc_ht=instagram.fhio3-1.fna.fbcdn.net&_nc_cat=109&_nc_ohc=PokokCpi5G0AX9RTQu8&edm=ABfd0MgBAAAA&ccb=7-4&oh=00_AT_rvjv2xZli60PWEMrxjY5EIU97RV_O35zw9PQfHpO8Iw&oe=622E9097&_nc_sid=7bff83,14,https://www.instagram.com/suri.aney,,,,164,1100
https://www.instagram.com/regine_liu/,regine_liu,1291,975,FALSE,https://instagram.fhio3-1.fna.fbcdn.net/v/t51.2885-19/119210259_1513555638832127_4240895094018833392_n.jpg?stp=dst-jpg_s320x320&_nc_ht=instagram.fhio3-1.fna.fbcdn.net&_nc_cat=111&_nc_ohc=Lc0TW1gf-akAX-D-MPw&edm=ABfd0MgBAAAA&ccb=7-4&oh=00_AT_KIugA_16G9BqBu4kYsnFS0yuA17-bj675lxFG3j7W7w&oe=622DC5A4&_nc_sid=7bff83,120,https://www.instagram.com/regine_liu,,,,650,1291
https://www.instagram.com/elitayu_/,elitayu_,567,394,FALSE,https://instagram.fhio3-1.fna.fbcdn.net/v/t51.2885-19/273602624_840117250168534_1244254077696772623_n.jpg?stp=dst-jpg_s320x320&_nc_ht=instagram.fhio3-1.fna.fbcdn.net&_nc_cat=110&_nc_ohc=Z65uw3SpT7IAX8NTBRh&edm=ABfd0MgBAAAA&ccb=7-4&oh=00_AT9nK5ocL_8f7YEpfPZmFUxaoc1eulrFrrI0JFoHcpEhNw&oe=622E3438&_nc_sid=7bff83,18,https://www.instagram.com/elitayu_,,,,262.6666667,567
https://www.instagram.com/benedicttzh/,benedicttzh,492,674,FALSE,https://instagram.fhio3-1.fna.fbcdn.net/v/t51.2885-19/160995030_3885694768189829_2374488437107985260_n.jpg?stp=dst-jpg_s320x320&_nc_ht=instagram.fhio3-1.fna.fbcdn.net&_nc_cat=105&_nc_ohc=JF-VSs8XPA0AX8nXKkx&edm=ABfd0MgBAAAA&ccb=7-4&oh=00_AT-25fKKSkmg9XuciBLwyeb71cY0W8GgdvSZ8v0cm5388A&oe=622E413E&_nc_sid=7bff83,81,https://www.instagram.com/benedicttzh,,,,449.3333333,492
https://www.instagram.com/buildingupmoms/,buildingupmoms,331,167,FALSE,https://instagram.fhio3-1.fna.fbcdn.net/v/t51.2885-19/18298338_1934092530143586_6307221880050810880_a.jpg?stp=dst-jpg_s320x320&_nc_ht=instagram.fhio3-1.fna.fbcdn.net&_nc_cat=106&_nc_ohc=p6_HBgBxgw8AX9n2cYS&edm=ABfd0MgBAAAA&ccb=7-4&oh=00_AT_s2qfDuLypWxhwaigruWrVP7iKDjx1FSlm0-ohlpjmOw&oe=622E728F&_nc_sid=7bff83,168,https://www.instagram.com/buildingupmoms,,,,111.3333333,331
https://www.instagram.com/sonsong0h/,sonsong0h,1835,1115,FALSE,https://instagram.fhio3-1.fna.fbcdn.net/v/t51.2885-19/275465106_695182791837030_7269847656181133905_n.jpg?stp=dst-jpg_s320x320&_nc_ht=instagram.fhio3-1.fna.fbcdn.net&_nc_cat=106&_nc_ohc=w4oMiVWEF4sAX9SYqEN&edm=ABfd0MgBAAAA&ccb=7-4&oh=00_AT8MiNXQVIWRZWoYqrh5nH72EmXO6KpznAtZq9zAxM1YVw&oe=622D20C2&_nc_sid=7bff83,142,https://www.instagram.com/sonsong0h,,,,743.3333333,1835
https://www.instagram.com/simplyedwinn/,simplyedwinn,509,698,FALSE,https://instagram.fhio3-1.fna.fbcdn.net/v/t51.2885-19/275165907_680524869654665_7212295901496070935_n.jpg?stp=dst-jpg_s320x320&_nc_ht=instagram.fhio3-1.fna.fbcdn.net&_nc_cat=105&_nc_ohc=d4ml2ZgXgZkAX8MXZnt&edm=ABfd0MgBAAAA&ccb=7-4&oh=00_AT92ojsowaVm7vTFQutDqnaQCSFdmYGkW4Ne1y8K2DpCiQ&oe=622D87BA&_nc_sid=7bff83,218,https://www.instagram.com/simplyedwinn,,,,465.3333333,509
https://www.instagram.com/mandelban/,mandelban,776,704,FALSE,https://instagram.fhio3-1.fna.fbcdn.net/v/t51.2885-19/274220985_229202862675761_399078896052672812_n.jpg?stp=dst-jpg_s320x320&_nc_ht=instagram.fhio3-1.fna.fbcdn.net&_nc_cat=105&_nc_ohc=nkMRFbtkeE4AX-Ie8yi&edm=ABfd0MgBAAAA&ccb=7-4&oh=00_AT8SOK6yoCtookQY0xkM8W7dcvp1wV7iykD8ZS-JDU2zvw&oe=622E6F1B&_nc_sid=7bff83,202,https://www.instagram.com/mandelban,,,,469.3333333,776
https://www.instagram.com/marine_parade_news/,marine_parade_news,802,510,FALSE,https://instagram.fhio3-1.fna.fbcdn.net/v/t51.2885-19/42403920_334803600419312_4376839023453274112_n.jpg?stp=dst-jpg_s320x320&_nc_ht=instagram.fhio3-1.fna.fbcdn.net&_nc_cat=108&_nc_ohc=I6av_-H3wLQAX-xNS2y&edm=ABfd0MgBAAAA&ccb=7-4&oh=00_AT_Q6CZNmz8fZGKs2NzwRrPCdSoitjZFiBN6TI1XrIRxeA&oe=622E3C59&_nc_sid=7bff83,527,https://www.instagram.com/marine_parade_news,,,,340,802
https://www.instagram.com/s_o_juu/,s_o_juu,2019,397,FALSE,https://instagram.fhio3-1.fna.fbcdn.net/v/t51.2885-19/273495446_499041415069019_7476704771856521053_n.jpg?stp=dst-jpg_s320x320&_nc_ht=instagram.fhio3-1.fna.fbcdn.net&_nc_cat=111&_nc_ohc=bx12VHzfWJ0AX819aQs&edm=ABfd0MgBAAAA&ccb=7-4&oh=00_AT-W4uQ0EcakKaK2gqc9b_B2GTXhavHjqujw98pTHWQZ9w&oe=622E497A&_nc_sid=7bff83,236,https://www.instagram.com/s_o_juu,,,,264.6666667,2019
https://www.instagram.com/ghostguan/,ghostguan,9137,2067,FALSE,https://instagram.fhio3-1.fna.fbcdn.net/v/t51.2885-19/200220001_162103039299735_7970048650735129068_n.jpg?stp=dst-jpg_s320x320&_nc_ht=instagram.fhio3-1.fna.fbcdn.net&_nc_cat=103&_nc_ohc=cadhbeVVur8AX9yXefC&edm=ABfd0MgBAAAA&ccb=7-4&oh=00_AT8ov4Bc9VsQO73jFkHCARqYsw1RU2p7aLjmiw5NOGhPZA&oe=622EEB81&_nc_sid=7bff83,1420,https://www.instagram.com/ghostguan,,,,1378,9137
https://www.instagram.com/itshachi88/,itshachi88,208,194,FALSE,https://instagram.fhio3-1.fna.fbcdn.net/v/t51.2885-19/95120374_686060502177595_6705203827554910208_n.jpg?stp=dst-jpg_s320x320&_nc_ht=instagram.fhio3-1.fna.fbcdn.net&_nc_cat=107&_nc_ohc=LzWU3CAb7ZYAX-kNlbz&edm=ABfd0MgBAAAA&ccb=7-4&oh=00_AT9g5T1wumDza2K5NjiSiV-gEsDXjon4hiPF5Zvy5dx2bQ&oe=622EEBC5&_nc_sid=7bff83,45,https://www.instagram.com/itshachi88,,,,129.3333333,208
https://www.instagram.com/alanalim_/,alanalim_,789,640,TRUE,https://instagram.fhio3-1.fna.fbcdn.net/v/t51.2885-19/262860402_326585905656232_2316685807761762040_n.jpg?stp=dst-jpg_s320x320&_nc_ht=instagram.fhio3-1.fna.fbcdn.net&_nc_cat=104&_nc_ohc=SYed8ykg3VAAX_SKXNX&edm=ABfd0MgBAAAA&ccb=7-4&oh=00_AT8D3OzTx8nFObYEuFAMBqcLdimn9kb05c7aQ9nrTWhB4g&oe=622E7708&_nc_sid=7bff83,85,https://www.instagram.com/alanalim_,,,,426.6666667,789
https://www.instagram.com/hourlyfoodie/,hourlyfoodie,3108,908,FALSE,https://instagram.fhio3-1.fna.fbcdn.net/v/t51.2885-19/202734482_524950908677370_1578861770622697659_n.jpg?stp=dst-jpg_s320x320&_nc_ht=instagram.fhio3-1.fna.fbcdn.net&_nc_cat=106&_nc_ohc=cbETR0XqxtkAX-TTH_N&edm=ABfd0MgBAAAA&ccb=7-4&oh=00_AT9Ib4kBw_JankDl4y9APFiGZZFntX2s4vDsDj7asx6f2w&oe=622D7500&_nc_sid=7bff83,341,https://www.instagram.com/hourlyfoodie,,,,605.3333333,3108
https://www.instagram.com/joeylimtehc/,joeylimtehc,734,173,FALSE,https://instagram.fhio3-1.fna.fbcdn.net/v/t51.2885-19/272545689_7429169550489856_7868527666643607433_n.jpg?stp=dst-jpg_s320x320&_nc_ht=instagram.fhio3-1.fna.fbcdn.net&_nc_cat=104&_nc_ohc=WOFs1KejQEkAX-dyTrc&edm=ABfd0MgBAAAA&ccb=7-4&oh=00_AT_Cp-Bh2V2IOTCNcDSNJpIvVHU17O-3KW7MqbRHM_FrSw&oe=622E1C86&_nc_sid=7bff83,162,https://www.instagram.com/joeylimtehc,,,,115.3333333,734
https://www.instagram.com/cafehoppingkids/,cafehoppingkids,12152,499,FALSE,https://instagram.fhio3-1.fna.fbcdn.net/v/t51.2885-19/16122443_1821352904798553_5811180022383247360_a.jpg?stp=dst-jpg_s320x320&_nc_ht=instagram.fhio3-1.fna.fbcdn.net&_nc_cat=109&_nc_ohc=QJDuzQF3qA8AX-M2eaF&edm=ABfd0MgBAAAA&ccb=7-4&oh=00_AT-Emo5t5qnotNpVQSrYa8rkd9W5LsEBGuUAHYDHhBNqhA&oe=622EB9A5&_nc_sid=7bff83,1516,https://www.instagram.com/cafehoppingkids,,,,332.6666667,12152
https://www.instagram.com/faizaffidi4/,faizaffidi4,901,717,FALSE,https://instagram.fhio3-1.fna.fbcdn.net/v/t51.2885-19/149748003_1014852842373605_7569440335023918569_n.jpg?stp=dst-jpg_s320x320&_nc_ht=instagram.fhio3-1.fna.fbcdn.net&_nc_cat=105&_nc_ohc=FyaYs4FQAHoAX8afynu&edm=ABfd0MgBAAAA&ccb=7-4&oh=00_AT8BxZjC7PUcaC7weMNfi4v9aGQU_aHPYlG44Br2gRWEaQ&oe=622EC06F&_nc_sid=7bff83,282,https://www.instagram.com/faizaffidi4,,,,478,901
https://www.instagram.com/cfszeyi/,cfszeyi,500,590,FALSE,https://instagram.fhio3-1.fna.fbcdn.net/v/t51.2885-19/167165448_508353223877335_1984813501378755283_n.jpg?stp=dst-jpg_s320x320&_nc_ht=instagram.fhio3-1.fna.fbcdn.net&_nc_cat=107&_nc_ohc=nO3_3AQnF4AAX_cvRjc&edm=ABfd0MgBAAAA&ccb=7-4&oh=00_AT9xoF1gntwDM0e63ppQqQDIB-M6xRmFAKtJgt8605HUiw&oe=622D7BD4&_nc_sid=7bff83,968,https://www.instagram.com/cfszeyi,,,,393.3333333,500
https://www.instagram.com/stylesofsg/,stylesofsg,899,70,FALSE,https://instagram.fhio3-1.fna.fbcdn.net/v/t51.2885-19/11374071_437523203114281_1526673537_a.jpg?stp=dst-jpg_s320x320&_nc_ht=instagram.fhio3-1.fna.fbcdn.net&_nc_cat=101&_nc_ohc=dlYHmemaRnIAX_2yfBw&edm=ABfd0MgBAAAA&ccb=7-4&oh=00_AT8TxslHvkuviaIAuPkCTyU71lF-t1iFI_Kci1luOvBzKg&oe=622DCE52&_nc_sid=7bff83,214,https://www.instagram.com/stylesofsg,,,,46.66666667,899
https://www.instagram.com/dxrellet/,dxrellet,1008,901,FALSE,https://instagram.fhio3-1.fna.fbcdn.net/v/t51.2885-19/118650637_396749654620991_4493866538967172841_n.jpg?stp=dst-jpg_s320x320&_nc_ht=instagram.fhio3-1.fna.fbcdn.net&_nc_cat=111&_nc_ohc=Tuk0BX-MCc4AX9Pz7_Y&edm=ABfd0MgBAAAA&ccb=7-4&oh=00_AT9-Rk7JIG7zDsheSLmhXpxYcTxJrBqHXJUhNWi0ZM552w&oe=622D7CFA&_nc_sid=7bff83,56,https://www.instagram.com/dxrellet,,,,600.6666667,1008
https://www.instagram.com/effietanfei/,effietanfei,1081,1058,FALSE,https://instagram.fhio3-1.fna.fbcdn.net/v/t51.2885-19/140776015_161213598875307_2312617147869011480_n.jpg?stp=dst-jpg_s320x320&_nc_ht=instagram.fhio3-1.fna.fbcdn.net&_nc_cat=103&_nc_ohc=HorgBMEfQ0kAX_lnxLi&edm=ABfd0MgBAAAA&ccb=7-4&oh=00_AT_I8I8glr6xcgEsL0kKhOaIh-5KfQMbJNswjs_6elOpKg&oe=622E1BC6&_nc_sid=7bff83,189,https://www.instagram.com/effietanfei,,,,705.3333333,1081
https://www.instagram.com/arritchie/,arritchie,413,516,FALSE,https://instagram.fhio3-1.fna.fbcdn.net/v/t51.2885-19/185912937_1329276787530191_7946696466520849719_n.jpg?stp=dst-jpg_s320x320&_nc_ht=instagram.fhio3-1.fna.fbcdn.net&_nc_cat=111&_nc_ohc=nA6CUhx3RUcAX_5NZYa&edm=ABfd0MgBAAAA&ccb=7-4&oh=00_AT8wStV1luvlK0U12A3GM9Kqi0v_h7Ti9OpIe30syZu9-g&oe=622E2C53&_nc_sid=7bff83,7,https://www.instagram.com/arritchie,,,,344,413
https://www.instagram.com/candayssss/,candayssss,1399,1198,FALSE,https://instagram.fhio3-1.fna.fbcdn.net/v/t51.2885-19/137338337_224598655941921_2567858167810329533_n.jpg?stp=dst-jpg_s320x320&_nc_ht=instagram.fhio3-1.fna.fbcdn.net&_nc_cat=109&_nc_ohc=vqzGwauVG44AX9IMHHG&edm=ABfd0MgBAAAA&ccb=7-4&oh=00_AT8h2tuYNidmQrW4v9iRV1FDvgf3NXNMVTC_qBQtW91L-w&oe=622ED2A9&_nc_sid=7bff83,15,https://www.instagram.com/candayssss,,,,798.6666667,1399
https://www.instagram.com/kcyeo92/,kcyeo92,383,197,FALSE,https://instagram.fhio3-1.fna.fbcdn.net/v/t51.2885-19/83890687_878917289183358_5372906046077534208_n.jpg?stp=dst-jpg_s320x320&_nc_ht=instagram.fhio3-1.fna.fbcdn.net&_nc_cat=106&_nc_ohc=WqnMLEqHYZQAX-s71MC&edm=ABfd0MgBAAAA&ccb=7-4&oh=00_AT_hIgyNeSIav-t0Thnt2K6M96t9K8KzElRA0nyGi38FkQ&oe=622DF630&_nc_sid=7bff83,15,https://www.instagram.com/kcyeo92,,,,131.3333333,383
https://www.instagram.com/aitortxuchef/,aitortxuchef,3116,1357,FALSE,https://instagram.fhio3-1.fna.fbcdn.net/v/t51.2885-19/175557567_791649814809495_1074353399954162182_n.jpg?stp=dst-jpg_s320x320&_nc_ht=instagram.fhio3-1.fna.fbcdn.net&_nc_cat=103&_nc_ohc=KKoXFRfy-v4AX9yNvza&edm=ABfd0MgBAAAA&ccb=7-4&oh=00_AT_P9YiFiYfa7g_sAXEHxJAcv30mTl1XsFN6V-lGESgBtw&oe=622E2F39&_nc_sid=7bff83,326,https://www.instagram.com/aitortxuchef,,,,904.6666667,3116
https://www.instagram.com/weishantan/,weishantan,2738,1860,FALSE,https://instagram.fhio3-1.fna.fbcdn.net/v/t51.2885-19/35616938_230265887755107_1631520430638497792_n.jpg?stp=dst-jpg_s320x320&_nc_ht=instagram.fhio3-1.fna.fbcdn.net&_nc_cat=103&_nc_ohc=4JHzRqyoa1oAX_X7FCI&edm=ABfd0MgBAAAA&ccb=7-4&oh=00_AT_oFnb4uDVX26gmU0zqrTGQl8yXbLWbpIEzvKM5FEsddQ&oe=622E200E&_nc_sid=7bff83,167,https://www.instagram.com/weishantan,,,,1240,2738
https://www.instagram.com/iamwhoiamlicia/,iamwhoiamlicia,452,312,FALSE,https://scontent-lhr8-1.cdninstagram.com/v/t51.2885-19/273082883_931363197540123_4331997399127794253_n.jpg?stp=dst-jpg_s320x320&_nc_ht=scontent-lhr8-1.cdninstagram.com&_nc_cat=103&_nc_ohc=eUbngaLFzL0AX-rJF9M&edm=ABfd0MgBAAAA&ccb=7-4&oh=00_AT-OwXxxGXD2g1XbOusc-81OYfY20COFFT5Ir44Q_2wwOw&oe=622E8648&_nc_sid=7bff83,144,https://www.instagram.com/iamwhoiamlicia,,,,208,452
https://www.instagram.com/eugeneouchyong/,eugeneouchyong,1033,870,FALSE,https://scontent-lhr8-1.cdninstagram.com/v/t51.2885-19/275416868_526459135745052_1924249046839884475_n.jpg?stp=dst-jpg_s320x320&_nc_ht=scontent-lhr8-1.cdninstagram.com&_nc_cat=100&_nc_ohc=lkjcSEBSAlUAX98KadB&edm=ABfd0MgBAAAA&ccb=7-4&oh=00_AT9YtAg0Zn_hnGOYayARjatV77yIszd0p-BHa1WqC_KhKg&oe=622D2C5E&_nc_sid=7bff83,42,https://www.instagram.com/eugeneouchyong,,,,580,1033
https://www.instagram.com/breadteoster/,breadteoster,387,470,FALSE,https://scontent-lhr8-1.cdninstagram.com/v/t51.2885-19/14128724_1189626837742146_975316931_a.jpg?stp=dst-jpg_s320x320&_nc_ht=scontent-lhr8-1.cdninstagram.com&_nc_cat=106&_nc_ohc=6EV7pdV_H7cAX_fdUJA&edm=ABfd0MgBAAAA&ccb=7-4&oh=00_AT-9LmdVtOdSxhuhnv2T6JWDtintVhmTef_yvktOmwwF3A&oe=622DB82C&_nc_sid=7bff83,586,https://www.instagram.com/breadteoster,,,,313.3333333,387
https://www.instagram.com/redhandedjlll/,redhandedjlll,993,1284,FALSE,https://scontent-lhr8-1.cdninstagram.com/v/t51.2885-19/275256569_693998468618864_465027482666814833_n.jpg?stp=dst-jpg_s320x320&_nc_ht=scontent-lhr8-1.cdninstagram.com&_nc_cat=108&_nc_ohc=NXrFG9XA_r4AX_ztXml&edm=ABfd0MgBAAAA&ccb=7-4&oh=00_AT9FEKSpeYCYsWZp9y1U9iYeFTkZJ59eDiUsAhmouKPq8g&oe=622EA13E&_nc_sid=7bff83,379,https://www.instagram.com/redhandedjlll,,,,856,993
https://www.instagram.com/janetwl/,janetwl,915,709,FALSE,https://scontent-lhr8-1.cdninstagram.com/v/t51.2885-19/272826327_646957456728720_2781023310461195190_n.jpg?stp=dst-jpg_s320x320&_nc_ht=scontent-lhr8-1.cdninstagram.com&_nc_cat=100&_nc_ohc=hjQkji82DIQAX8UcPdy&edm=ABfd0MgBAAAA&ccb=7-4&oh=00_AT9lwfYmi04IbYwHwklz4l_FUcvFO7Q6nUk1nnbkqMceAQ&oe=622DD81C&_nc_sid=7bff83,794,https://www.instagram.com/janetwl,,,,472.6666667,915
https://www.instagram.com/getowtgracia/,getowtgracia,3096,2056,FALSE,https://scontent-lhr8-2.cdninstagram.com/v/t51.2885-19/65449253_594620477613053_3631983310827159552_n.jpg?stp=dst-jpg_s320x320&_nc_ht=scontent-lhr8-2.cdninstagram.com&_nc_cat=105&_nc_ohc=HVuzrn7U68IAX-JrG20&edm=ABfd0MgBAAAA&ccb=7-4&oh=00_AT_L_5QcX5Q6fGvXxNuAOI7H2Vl2CQb4dy4PT2bD_lNhpg&oe=622DC804&_nc_sid=7bff83,1618,https://www.instagram.com/getowtgracia,,,,1370.666667,3096
https://www.instagram.com/leptonyxscript/,leptonyxscript,7127,360,FALSE,https://scontent-lhr8-1.cdninstagram.com/v/t51.2885-19/246441165_375369784375038_4439933463516809805_n.jpg?stp=dst-jpg_s320x320&_nc_ht=scontent-lhr8-1.cdninstagram.com&_nc_cat=106&_nc_ohc=doim81kCwjUAX-g3APE&edm=ABfd0MgBAAAA&ccb=7-4&oh=00_AT_dq_zuH3OaLmPNWeX1Ku3Fm-x1UDsbq5RPxtR2xatD7g&oe=622DB366&_nc_sid=7bff83,1786,https://www.instagram.com/leptonyxscript,,,,240,7127
https://www.instagram.com/hocklim1980/,hocklim1980,7143,3012,FALSE,https://scontent-lhr8-1.cdninstagram.com/v/t51.2885-19/124918713_849309562539691_6686425992967771620_n.jpg?stp=dst-jpg_s320x320&_nc_ht=scontent-lhr8-1.cdninstagram.com&_nc_cat=107&_nc_ohc=k9rW7XSqzL4AX_wf1Qi&edm=ABfd0MgBAAAA&ccb=7-4&oh=00_AT9DEJ_la93vx49Mg5pCMVU3vPRbjZybuW_syLfy2ycOiA&oe=622D95DB&_nc_sid=7bff83,450,https://www.instagram.com/hocklim1980,,,,2008,7143
https://www.instagram.com/cltwilleatyou/,cltwilleatyou,1871,1532,FALSE,https://scontent-lhr8-1.cdninstagram.com/v/t51.2885-19/82059962_528111231144801_8813736288298467328_n.jpg?stp=dst-jpg_s320x320&_nc_ht=scontent-lhr8-1.cdninstagram.com&_nc_cat=109&_nc_ohc=lkZfGjWjr1QAX8Zqsbn&edm=ABfd0MgBAAAA&ccb=7-4&oh=00_AT-w3Iwbo_CPIv7CKufWCZu1ekYxbevgrsd3dYkR-niDzA&oe=622E334C&_nc_sid=7bff83,840,https://www.instagram.com/cltwilleatyou,,,,1021.333333,1871
https://www.instagram.com/arnoldwee/,arnoldwee,1898,958,FALSE,https://scontent-lhr8-2.cdninstagram.com/v/t51.2885-19/267243612_4562297727185377_6467771805371053575_n.jpg?stp=dst-jpg_s320x320&_nc_ht=scontent-lhr8-2.cdninstagram.com&_nc_cat=101&_nc_ohc=wBMhQL8qoCAAX9TD69_&edm=ABfd0MgBAAAA&ccb=7-4&oh=00_AT8lF1mqL5xpf1Mu1To8L_1SzDHPsndBQ_gGR6SAqoQvEQ&oe=622DCA83&_nc_sid=7bff83,46,https://www.instagram.com/arnoldwee,,,,638.6666667,1898
https://www.instagram.com/braaipitt/,braaipitt,118,172,FALSE,https://scontent-lhr8-2.cdninstagram.com/v/t51.2885-19/259341775_220177390259357_6489700099254817892_n.jpg?stp=dst-jpg_s320x320&_nc_ht=scontent-lhr8-2.cdninstagram.com&_nc_cat=105&_nc_ohc=3wLotFfVtnUAX_4hGmX&edm=ABfd0MgBAAAA&ccb=7-4&oh=00_AT_qkhWlAT6be6GQarNQ3itbq6ya7SveSgYWZSyOpb4hXw&oe=622ED0BA&_nc_sid=7bff83,37,https://www.instagram.com/braaipitt,,,,114.6666667,118
https://www.instagram.com/chief.eater/,chief.eater,1006,737,FALSE,https://scontent-lhr8-1.cdninstagram.com/v/t51.2885-19/182899676_199641665334240_1705862009486534275_n.jpg?stp=dst-jpg_s320x320&_nc_ht=scontent-lhr8-1.cdninstagram.com&_nc_cat=100&_nc_ohc=WSjFBrNBtXUAX8ugnRW&edm=ABfd0MgBAAAA&ccb=7-4&oh=00_AT__s2pWWboiVRQJpT5R71c0C7PEEc8qcz8SHrdJHo88Qw&oe=622DE63E&_nc_sid=7bff83,170,https://www.instagram.com/chief.eater,,,,491.3333333,1006
https://www.instagram.com/hubersbutchery/,hubersbutchery,5925,344,FALSE,https://scontent-lhr8-2.cdninstagram.com/v/t51.2885-19/26374981_209850056229398_3409971675293286400_n.jpg?stp=dst-jpg_s320x320&_nc_ht=scontent-lhr8-2.cdninstagram.com&_nc_cat=102&_nc_ohc=qAm69bqp6FUAX-QUNSD&edm=ABfd0MgBAAAA&ccb=7-4&oh=00_AT9PTgwZUyZl7170Lt67KnKphs4VrIQqPysMxDcY3sCFkw&oe=622DB7A3&_nc_sid=7bff83,1606,https://www.instagram.com/hubersbutchery,,,,229.3333333,5925
https://www.instagram.com/metaversebeard/,metaversebeard,4533,3630,FALSE,https://scontent-lhr8-2.cdninstagram.com/v/t51.2885-19/274952548_1416525242134238_1308907289551491713_n.jpg?stp=dst-jpg_s320x320&_nc_ht=scontent-lhr8-2.cdninstagram.com&_nc_cat=102&_nc_ohc=0K9GsnGQuOEAX_COegT&edm=ABfd0MgBAAAA&ccb=7-4&oh=00_AT8OToRPb4LQu2ey2urcSBcY2d1FFUbie59xkXntMRCNSQ&oe=622D2874&_nc_sid=7bff83,791,https://www.instagram.com/metaversebeard,,,,2420,4533
https://www.instagram.com/russellsm/,russellsm,1591,1000,FALSE,https://scontent-lhr8-2.cdninstagram.com/v/t51.2885-19/60481662_336988973666054_8001149014428876800_n.jpg?stp=dst-jpg_s320x320&_nc_ht=scontent-lhr8-2.cdninstagram.com&_nc_cat=102&_nc_ohc=kNdZdMQ3mugAX9zyDn5&edm=ABfd0MgBAAAA&ccb=7-4&oh=00_AT-Zerz7AuSUyi7FJ-Ysl8EcAk0TP6KIuIxri7364Ltrmg&oe=622E4890&_nc_sid=7bff83,85,https://www.instagram.com/russellsm,,,,666.6666667,1591
https://www.instagram.com/roland0817/,roland0817,336,163,FALSE,https://scontent-lhr8-1.cdninstagram.com/v/t51.2885-19/274506027_993791704890718_3690611372414271075_n.jpg?stp=dst-jpg_s320x320&_nc_ht=scontent-lhr8-1.cdninstagram.com&_nc_cat=110&_nc_ohc=jSSxmFF6_aUAX9uGtvp&edm=ABfd0MgBAAAA&ccb=7-4&oh=00_AT_IRf7RWPbpNCLotjMQ8F9ADJqwefLSE57u7RGTuCjeCQ&oe=622DB223&_nc_sid=7bff83,732,https://www.instagram.com/roland0817,,,,108.6666667,336
https://www.instagram.com/gwendely.n/,gwendely.n,1311,454,FALSE,https://scontent-lhr8-2.cdninstagram.com/v/t51.2885-19/273507143_451672846602676_4785324222508952901_n.jpg?stp=dst-jpg_s320x320&_nc_ht=scontent-lhr8-2.cdninstagram.com&_nc_cat=104&_nc_ohc=1eKk5KpYY7sAX-JzgAc&edm=ABfd0MgBAAAA&ccb=7-4&oh=00_AT9IiRrg2TaVN-VPncst-wMrWkX4Nuq_lsYT0L-7WvE0kA&oe=622DE483&_nc_sid=7bff83,12,https://www.instagram.com/gwendely.n,,,,302.6666667,1311
https://www.instagram.com/joeyychee/,joeyychee,3059,1066,FALSE,https://scontent-lhr8-1.cdninstagram.com/v/t51.2885-19/273233875_313240674167696_6558478657992156732_n.jpg?stp=dst-jpg_s320x320&_nc_ht=scontent-lhr8-1.cdninstagram.com&_nc_cat=108&_nc_ohc=XvSeHgkatckAX8Qb80D&edm=ABfd0MgBAAAA&ccb=7-4&oh=00_AT8X23Kh_liF-AwZwErhi3Gn_NTC_pcX_8OwsjgwbYoMaQ&oe=622E2F5F&_nc_sid=7bff83,37,https://www.instagram.com/joeyychee,,,,710.6666667,3059
https://www.instagram.com/spoodie69/,spoodie69,865,900,FALSE,https://scontent-lhr8-1.cdninstagram.com/v/t51.2885-19/152503704_166733201927868_1271936153486639308_n.jpg?stp=dst-jpg_s320x320&_nc_ht=scontent-lhr8-1.cdninstagram.com&_nc_cat=100&_nc_ohc=92L1YMx_KDkAX86ssPO&edm=ABfd0MgBAAAA&ccb=7-4&oh=00_AT9tVDNahP0ke3sn_GMeJLvg1bB1IA0bolbj2z9RdqoPQQ&oe=622E93E3&_nc_sid=7bff83,1259,https://www.instagram.com/spoodie69,,,,600,865
https://www.instagram.com/kissing40/,kissing40,2934,248,FALSE,https://scontent-lhr8-2.cdninstagram.com/v/t51.2885-19/22857772_635013383289013_2134083908382228480_n.jpg?stp=dst-jpg_s320x320&_nc_ht=scontent-lhr8-2.cdninstagram.com&_nc_cat=101&_nc_ohc=uIQBz-y-M3UAX-fSaIN&edm=ABfd0MgBAAAA&ccb=7-4&oh=00_AT_bwlO0Dfk9yJBYuVOWTxdBTTbeNuG1R3QzVJnWYOqF-w&oe=622E1E12&_nc_sid=7bff83,541,https://www.instagram.com/kissing40,,,,165.3333333,2934
https://www.instagram.com/lorvetoeat/,lorvetoeat,1081,793,FALSE,https://scontent-lhr8-2.cdninstagram.com/v/t51.2885-19/274778786_1145469859530686_769306456751696276_n.jpg?stp=dst-jpg_s320x320&_nc_ht=scontent-lhr8-2.cdninstagram.com&_nc_cat=102&_nc_ohc=4bGa6TiaizIAX-cYqMu&edm=ABfd0MgBAAAA&ccb=7-4&oh=00_AT9WPb_smY4dZTj_c0GjO9Q2H5blZe0-JR0TS7aCiN7I_Q&oe=622D8A7C&_nc_sid=7bff83,126,https://www.instagram.com/lorvetoeat,,,,528.6666667,1081
https://www.instagram.com/cheryltht/,cheryltht,988,616,FALSE,https://scontent-lhr8-1.cdninstagram.com/v/t51.2885-19/42661440_184455249121380_8116176953104400384_n.jpg?stp=dst-jpg_s320x320&_nc_ht=scontent-lhr8-1.cdninstagram.com&_nc_cat=100&_nc_ohc=NoamcGPfwkkAX8aQ3S8&edm=ABfd0MgBAAAA&ccb=7-4&oh=00_AT_jSxCb1UuxKj5jWrItS3lAZYiEsS_SZmuKCqERUUAE1A&oe=622D207E&_nc_sid=7bff83,146,https://www.instagram.com/cheryltht,,,,410.6666667,988
https://www.instagram.com/luk.ph/,luk.ph,1245,1439,FALSE,https://scontent-lhr8-1.cdninstagram.com/v/t51.2885-19/51110457_991433561066926_3590617003330633728_n.jpg?stp=dst-jpg_s320x320&_nc_ht=scontent-lhr8-1.cdninstagram.com&_nc_cat=110&_nc_ohc=VXJT7PK3boIAX_Rra8F&edm=ABfd0MgBAAAA&ccb=7-4&oh=00_AT8scdseydfuOVvisNnlDg-RaudKcnkE13KqRLjEy1VS-w&oe=622E7F44&_nc_sid=7bff83,554,https://www.instagram.com/luk.ph,,,,959.3333333,1245
https://www.instagram.com/eyeslikelines/,eyeslikelines,857,957,FALSE,https://scontent-lhr8-1.cdninstagram.com/v/t51.2885-19/143259880_251151003196668_920360781594871275_n.jpg?stp=dst-jpg_s320x320&_nc_ht=scontent-lhr8-1.cdninstagram.com&_nc_cat=100&_nc_ohc=T6BdqqE_QQUAX9XBt-E&edm=ABfd0MgBAAAA&ccb=7-4&oh=00_AT98ZDOHL9Q3_2_KoKv3Wxb8_gchziwVTccpDGkNzfPTIQ&oe=622DD278&_nc_sid=7bff83,480,https://www.instagram.com/eyeslikelines,,,,638,857
https://www.instagram.com/wnii/,wnii,5784,993,FALSE,https://scontent-lhr8-1.cdninstagram.com/v/t51.2885-19/19985385_269318450211681_4637345755076493312_a.jpg?stp=dst-jpg_s320x320&_nc_ht=scontent-lhr8-1.cdninstagram.com&_nc_cat=109&_nc_ohc=SRDcR0qdyQUAX-v3NQ8&edm=ABfd0MgBAAAA&ccb=7-4&oh=00_AT_Q2i4eU6o6WJvgkUTgN9od6kXI-ON0EJ953NBjdLK1pw&oe=622DDF64&_nc_sid=7bff83,564,https://www.instagram.com/wnii,,,,662,5784
https://www.instagram.com/joseph_low/,joseph_low,417,367,FALSE,https://scontent-yyz1-1.cdninstagram.com/v/t51.2885-19/126502704_292502728788891_4135560198881463550_n.jpg?stp=dst-jpg_s320x320&_nc_ht=scontent-yyz1-1.cdninstagram.com&_nc_cat=103&_nc_ohc=LXEYmp1zzDkAX_8mE9m&edm=ABfd0MgBAAAA&ccb=7-4&oh=00_AT9h4OESTZVcx6j4ONZ2DsELfLD2sm0QiBo_99j_-4NPOg&oe=622DB293&_nc_sid=7bff83,14,https://www.instagram.com/joseph_low,,,,244.6666667,417
https://www.instagram.com/girlabouttownlaura/,girlabouttownlaura,369,522,FALSE,https://scontent-yyz1-1.cdninstagram.com/v/t51.2885-19/10963724_561625147305373_1131826796_a.jpg?_nc_ht=scontent-yyz1-1.cdninstagram.com&_nc_cat=101&_nc_ohc=RDJb8_zTc14AX-mhMV0&edm=ABfd0MgBAAAA&ccb=7-4&oh=00_AT8sw-GNsmPZx1jftRN5C5kRp5j-LRK3XgwKLl91eSuzIA&oe=622D2375&_nc_sid=7bff83,308,https://www.instagram.com/girlabouttownlaura,,,,348,369
https://www.instagram.com/shepcassmae/,shepcassmae,1767,1016,FALSE,https://scontent-yyz1-1.cdninstagram.com/v/t51.2885-19/11249662_1683595175207303_13697734_a.jpg?stp=dst-jpg_s320x320&_nc_ht=scontent-yyz1-1.cdninstagram.com&_nc_cat=111&_nc_ohc=s0RsM4ByQp0AX-VU4LO&edm=ABfd0MgBAAAA&ccb=7-4&oh=00_AT9e7528sMRXOg85tQYnlEu577kfopVXL9n5udqC4uSw3w&oe=622D68F8&_nc_sid=7bff83,42,https://www.instagram.com/shepcassmae,,,,677.3333333,1767
https://www.instagram.com/des23.03/,des23.03,625,612,FALSE,https://scontent-yyz1-1.cdninstagram.com/v/t51.2885-19/275101845_3290841261148377_5139198196567759419_n.jpg?stp=dst-jpg_s320x320&_nc_ht=scontent-yyz1-1.cdninstagram.com&_nc_cat=109&_nc_ohc=rpel0UWWtcEAX_eQYFB&edm=ABfd0MgBAAAA&ccb=7-4&oh=00_AT8jFx7b26DBSHkZWShQFX_3Xs9sQPmzXBisijkSr1_VYg&oe=622EDBBC&_nc_sid=7bff83,699,https://www.instagram.com/des23.03,,,,408,625
https://www.instagram.com/pearlyzumbapoh/,pearlyzumbapoh,499,285,FALSE,https://scontent-yyz1-1.cdninstagram.com/v/t51.2885-19/131369820_1321867148174657_3459199262027403296_n.jpg?stp=dst-jpg_s320x320&_nc_ht=scontent-yyz1-1.cdninstagram.com&_nc_cat=105&_nc_ohc=1ket-kxIwhMAX-prVF_&edm=ABfd0MgBAAAA&ccb=7-4&oh=00_AT9ApXVl4xRGd6H0mluc6a5hUtCW4d4j6ENVkR0CQDiUMA&oe=622E26F3&_nc_sid=7bff83,1548,https://www.instagram.com/pearlyzumbapoh,,,,190,499
https://www.instagram.com/laurilovestoeat/,laurilovestoeat,2192,2264,FALSE,https://scontent-yyz1-1.cdninstagram.com/v/t51.2885-19/143566228_457572908605891_265619109612750773_n.jpg?stp=dst-jpg_s320x320&_nc_ht=scontent-yyz1-1.cdninstagram.com&_nc_cat=107&_nc_ohc=XzBXZ3Au3swAX_4eeBA&edm=ABfd0MgBAAAA&ccb=7-4&oh=00_AT-HdgFnVV-REcacHzmbpDvGxxQrFr9dVaLSIpA29upGLQ&oe=622D9ECA&_nc_sid=7bff83,119,https://www.instagram.com/laurilovestoeat,,,,1509.333333,2192
https://www.instagram.com/hirotsuguiwaida/,hirotsuguiwaida,1408,594,FALSE,https://scontent-yyz1-1.cdninstagram.com/v/t51.2885-19/239662214_533906677871223_3452308310383989590_n.jpg?stp=dst-jpg_s320x320&_nc_ht=scontent-yyz1-1.cdninstagram.com&_nc_cat=103&_nc_ohc=G1-sxnSX5e8AX9lWEA4&edm=ABfd0MgBAAAA&ccb=7-4&oh=00_AT809mxB5LQSLox39vyKOixCH-ZWmoTF11plVosjIfYW0g&oe=622D6BE1&_nc_sid=7bff83,73,https://www.instagram.com/hirotsuguiwaida,,,,396,1408
https://www.instagram.com/30mariat/,30mariat,994,1065,FALSE,https://scontent-yyz1-1.cdninstagram.com/v/t51.2885-19/70885299_416156835768482_805157921045348352_n.jpg?stp=dst-jpg_s320x320&_nc_ht=scontent-yyz1-1.cdninstagram.com&_nc_cat=102&_nc_ohc=-ln0LLzFJdwAX8zB6TW&edm=ABfd0MgBAAAA&ccb=7-4&oh=00_AT-qbE5pN0g0QBOjyjBV718P2SzXfpQBik3Uyoh0LReZow&oe=622E55C7&_nc_sid=7bff83,94,https://www.instagram.com/30mariat,,,,710,994
https://www.instagram.com/rosecookingvlog/,rosecookingvlog,1261,1120,FALSE,https://scontent-yyz1-1.cdninstagram.com/v/t51.2885-19/92663622_522476921753197_6045290602264788992_n.jpg?stp=dst-jpg_s320x320&_nc_ht=scontent-yyz1-1.cdninstagram.com&_nc_cat=101&_nc_ohc=6VWgk5GtaX4AX8XFatR&edm=ABfd0MgBAAAA&ccb=7-4&oh=00_AT_adGTRNp9RvoRZfXHSNFL0W7a3wBPtsVryll-DsF88ag&oe=622DE45E&_nc_sid=7bff83,190,https://www.instagram.com/rosecookingvlog,,,,746.6666667,1261
https://www.instagram.com/shatec/,shatec,2888,663,FALSE,https://scontent-yyz1-1.cdninstagram.com/v/t51.2885-19/217693201_517087512877273_2719593158523613334_n.jpg?stp=dst-jpg_s320x320&_nc_ht=scontent-yyz1-1.cdninstagram.com&_nc_cat=101&_nc_ohc=llFtkEncGmwAX--nh66&edm=ABfd0MgBAAAA&ccb=7-4&oh=00_AT-fWx6Naccop_WEGoXAp0WMeyMexHXvOhXfTK4vomo-Aw&oe=622E2112&_nc_sid=7bff83,1294,https://www.instagram.com/shatec,,,,442,2888
https://www.instagram.com/sharynfox/,sharynfox,1574,1011,FALSE,https://scontent-yyz1-1.cdninstagram.com/v/t51.2885-19/245992580_1244294546048898_2032228648795783000_n.jpg?stp=dst-jpg_s320x320&_nc_ht=scontent-yyz1-1.cdninstagram.com&_nc_cat=106&_nc_ohc=a5sU4uMV6HQAX9QVOOf&edm=ABfd0MgBAAAA&ccb=7-4&oh=00_AT82XVLKJKem7F9KQ06HNZEWph4VkD-tp-WIB40rHL84Fg&oe=622E1E84&_nc_sid=7bff83,310,https://www.instagram.com/sharynfox,,,,674,1574
https://www.instagram.com/jesslynleeyx/,jesslynleeyx,882,856,FALSE,https://scontent-yyz1-1.cdninstagram.com/v/t51.2885-19/105974170_737722173642267_7062472153689642632_n.jpg?stp=dst-jpg_s320x320&_nc_ht=scontent-yyz1-1.cdninstagram.com&_nc_cat=103&_nc_ohc=911DYKElNKQAX_fWtMX&edm=ABfd0MgBAAAA&ccb=7-4&oh=00_AT84PTyzR-qma81Vi6c2KbJK561hsZVDhKzgzJEDQ0DBLQ&oe=622DF2D9&_nc_sid=7bff83,99,https://www.instagram.com/jesslynleeyx,,,,570.6666667,882
https://www.instagram.com/jeff_0718/,jeff_0718,814,499,FALSE,https://scontent-yyz1-1.cdninstagram.com/v/t51.2885-19/202014291_928996697665002_6664825876628264577_n.jpg?stp=dst-jpg_s320x320&_nc_ht=scontent-yyz1-1.cdninstagram.com&_nc_cat=106&_nc_ohc=VWhxpai4yW4AX_NJ74P&edm=ABfd0MgBAAAA&ccb=7-4&oh=00_AT95Oddbz8JXBf7bI8HMOrPgsdsm538xprksJJjv3qTf_w&oe=622EF3E3&_nc_sid=7bff83,217,https://www.instagram.com/jeff_0718,,,,332.6666667,814
https://www.instagram.com/ka.yann/,ka.yann,888,783,FALSE,https://scontent-yyz1-1.cdninstagram.com/v/t51.2885-19/106698730_1181447058871772_3644483770021467073_n.jpg?stp=dst-jpg_s320x320&_nc_ht=scontent-yyz1-1.cdninstagram.com&_nc_cat=108&_nc_ohc=JwtnfOuz5-QAX-ZIX7A&edm=ABfd0MgBAAAA&ccb=7-4&oh=00_AT8DgsRQc6tPhp5jho_Ve64gTusmYHqw4fVMyXoW6bcbWQ&oe=622DAFEF&_nc_sid=7bff83,796,https://www.instagram.com/ka.yann,,,,522,888
https://www.instagram.com/maosketeers/,maosketeers,614,412,FALSE,https://scontent-yyz1-1.cdninstagram.com/v/t51.2885-19/161841994_796561184549213_7947314781828359599_n.jpg?stp=dst-jpg_s320x320&_nc_ht=scontent-yyz1-1.cdninstagram.com&_nc_cat=105&_nc_ohc=QV9lOqVJY3cAX-l-ECL&edm=ABfd0MgBAAAA&ccb=7-4&oh=00_AT_kZfuun5V6zhDVf_kKJFPX1wN9xI6taevAeE6n1nQsvg&oe=622D65B0&_nc_sid=7bff83,3059,https://www.instagram.com/maosketeers,,,,274.6666667,614
https://www.instagram.com/thepoem99/,thepoem99,125,167,FALSE,https://scontent-yyz1-1.cdninstagram.com/v/t51.2885-19/46533775_316993978905287_957241445981356032_n.jpg?stp=dst-jpg_s320x320&_nc_ht=scontent-yyz1-1.cdninstagram.com&_nc_cat=111&_nc_ohc=bupq9IuhxIIAX8prZwH&edm=ABfd0MgBAAAA&ccb=7-4&oh=00_AT8cF84jj6qSmGid9aKHmUPmFRJBY_oENmy9Ho_kZgQr1A&oe=622EC48F&_nc_sid=7bff83,22,https://www.instagram.com/thepoem99,,,,111.3333333,125
https://www.instagram.com/lowexlow/,lowexlow,664,761,FALSE,https://scontent-yyz1-1.cdninstagram.com/v/t51.2885-19/49858248_1178687085628045_7448687968144850944_n.jpg?stp=dst-jpg_s320x320&_nc_ht=scontent-yyz1-1.cdninstagram.com&_nc_cat=101&_nc_ohc=cAQ9nVROfg8AX9xD6V8&edm=ABfd0MgBAAAA&ccb=7-4&oh=00_AT9jQER2xeZgDPf5sGE820-jrDEA3HyRc1E24EaoUt4MQg&oe=622F1230&_nc_sid=7bff83,120,https://www.instagram.com/lowexlow,,,,507.3333333,664
https://www.instagram.com/pierorsin/,pierorsin,1576,935,FALSE,https://scontent-yyz1-1.cdninstagram.com/v/t51.2885-19/90179766_818273685339968_8026723586171469824_n.jpg?stp=dst-jpg_s320x320&_nc_ht=scontent-yyz1-1.cdninstagram.com&_nc_cat=108&_nc_ohc=_HYC6wiyWf8AX-YdG8y&edm=ABfd0MgBAAAA&ccb=7-4&oh=00_AT9p0Dw4yIrQIc_zIqxp4momXrXnRhFDOGSEznHFqdukqw&oe=622D24D1&_nc_sid=7bff83,114,https://www.instagram.com/pierorsin,,,,623.3333333,1576
https://www.instagram.com/wf.yeow/,wf.yeow,528,378,FALSE,https://scontent-yyz1-1.cdninstagram.com/v/t51.2885-19/236565017_263077475351181_8078116591570199801_n.jpg?stp=dst-jpg_s320x320&_nc_ht=scontent-yyz1-1.cdninstagram.com&_nc_cat=109&_nc_ohc=CcOtuZM5E5oAX_xnQMo&edm=ABfd0MgBAAAA&ccb=7-4&oh=00_AT9olTuK77kOSoLiYAA1kGin29wU9T4-tr4H-7SEiJ6MUA&oe=622D5585&_nc_sid=7bff83,16,https://www.instagram.com/wf.yeow,,,,252,528
https://www.instagram.com/beatricetyb/,beatricetyb,2110,1756,FALSE,https://scontent-yyz1-1.cdninstagram.com/v/t51.2885-19/242207828_263065745692519_4758384186694174015_n.jpg?stp=dst-jpg_s320x320&_nc_ht=scontent-yyz1-1.cdninstagram.com&_nc_cat=107&_nc_ohc=MYNps29Es-IAX9a18qu&edm=ABfd0MgBAAAA&ccb=7-4&oh=00_AT-fucuqijwmuJXpIq7-DwagEiolzB1mThc3mJQt1lFUgw&oe=622F0713&_nc_sid=7bff83,2121,https://www.instagram.com/beatricetyb,,,,1170.666667,2110
https://www.instagram.com/dionsius/,dionsius,539,648,FALSE,https://scontent-yyz1-1.cdninstagram.com/v/t51.2885-19/210043920_4744528768909498_7119847358432702865_n.jpg?stp=dst-jpg_s320x320&_nc_ht=scontent-yyz1-1.cdninstagram.com&_nc_cat=110&_nc_ohc=pHe7EvbP7VsAX9JupMl&edm=ABfd0MgBAAAA&ccb=7-4&oh=00_AT_9Psol7zPn3g-GCMRa-fhzYXUD75HV9a7_qk-j9SVPZg&oe=622E6565&_nc_sid=7bff83,61,https://www.instagram.com/dionsius,,,,432,539
https://www.instagram.com/oliviaprananto/,oliviaprananto,666,976,FALSE,https://scontent-yyz1-1.cdninstagram.com/v/t51.2885-19/122042153_148000827006392_4524817064519107224_n.jpg?stp=dst-jpg_s320x320&_nc_ht=scontent-yyz1-1.cdninstagram.com&_nc_cat=108&_nc_ohc=GCQ-SjOCTH0AX8hPNcr&edm=ABfd0MgBAAAA&ccb=7-4&oh=00_AT_kVxcYTsIMb2qfEohJdfw8jtrsCORI4FdVLxe1dEt0xw&oe=622E1E33&_nc_sid=7bff83,42,https://www.instagram.com/oliviaprananto,,,,650.6666667,666
https://www.instagram.com/ccwx_/,ccwx_,1624,1758,FALSE,https://scontent-yyz1-1.cdninstagram.com/v/t51.2885-19/209007006_222260779745536_3853628731951449732_n.jpg?stp=dst-jpg_s320x320&_nc_ht=scontent-yyz1-1.cdninstagram.com&_nc_cat=104&_nc_ohc=CY5dc_qPTZgAX9l_z6n&edm=ABfd0MgBAAAA&ccb=7-4&oh=00_AT8ESjeVowjPWH7bIlAPsg_bH0yirukEmut5IOKL-kropg&oe=622EADED&_nc_sid=7bff83,440,https://www.instagram.com/ccwx_,,,,1172,1624
https://www.instagram.com/erhao__/,erhao__,305,412,FALSE,https://scontent-yyz1-1.cdninstagram.com/v/t51.2885-19/92206608_238951913965448_7121909135230107648_n.jpg?stp=dst-jpg_s320x320&_nc_ht=scontent-yyz1-1.cdninstagram.com&_nc_cat=108&_nc_ohc=AQi_2zaK2EAAX9FeHMG&edm=ABfd0MgBAAAA&ccb=7-4&oh=00_AT9K6ZQ0Pl9ryn5VgyCrVXoRGozEBGOFztljMT1IASb61A&oe=622E5C1E&_nc_sid=7bff83,7,https://www.instagram.com/erhao__,,,,274.6666667,305
https://www.instagram.com/blushlife.co/,blushlife.co,3059,929,FALSE,https://scontent-yyz1-1.cdninstagram.com/v/t51.2885-19/235361109_783803025625363_4280753589113632648_n.jpg?stp=dst-jpg_s320x320&_nc_ht=scontent-yyz1-1.cdninstagram.com&_nc_cat=107&_nc_ohc=HrJl0RfRCOwAX-yiylK&edm=ABfd0MgBAAAA&ccb=7-4&oh=00_AT-OC3wDfvcE6gFeD5dBpLjaZo7dNgch7neuyCZOuopyiA&oe=622DC2C5&_nc_sid=7bff83,203,https://www.instagram.com/blushlife.co,,,,619.3333333,3059
https://www.instagram.com/handforged/,handforged,2389,437,FALSE,https://scontent-yyz1-1.cdninstagram.com/v/t51.2885-19/115974613_1287156054980693_1760108195451526493_n.jpg?stp=dst-jpg_s320x320&_nc_ht=scontent-yyz1-1.cdninstagram.com&_nc_cat=105&_nc_ohc=3gBK0akUP-QAX94InNt&edm=ABfd0MgBAAAA&ccb=7-4&oh=00_AT9KfoPKmoSDMPnWwZvuMqctHTKSSL1dUkpcNUL5lDI6OQ&oe=622E27EF&_nc_sid=7bff83,216,https://www.instagram.com/handforged,,,,291.3333333,2389
https://www.instagram.com/hartea_stone_design/,hartea_stone_design,803,989,FALSE,https://scontent-yyz1-1.cdninstagram.com/v/t51.2885-19/23498946_180044425907260_1572195640811716608_n.jpg?stp=dst-jpg_s320x320&_nc_ht=scontent-yyz1-1.cdninstagram.com&_nc_cat=104&_nc_ohc=RXMbR9rOyAIAX-ARq7R&edm=ABfd0MgBAAAA&ccb=7-4&oh=00_AT_CYFVThbixg41h2E7i27VyFO7HUlEvh5kf-Uzks9N9Aw&oe=622DD223&_nc_sid=7bff83,76,https://www.instagram.com/hartea_stone_design,,,,659.3333333,803
https://www.instagram.com/sg.moguu/,sg.moguu,2867,1727,FALSE,https://scontent-yyz1-1.cdninstagram.com/v/t51.2885-19/140378842_276247293937680_8315086046777119038_n.jpg?stp=dst-jpg_s320x320&_nc_ht=scontent-yyz1-1.cdninstagram.com&_nc_cat=100&_nc_ohc=rnA4VtNHV_cAX_Z0SmY&edm=ABfd0MgBAAAA&ccb=7-4&oh=00_AT9GCe7kKaBBkRDrkLQilmkO0GofJe5HJj1t0KAwDU_PKg&oe=622E6ABB&_nc_sid=7bff83,723,https://www.instagram.com/sg.moguu,,,,1151.333333,2867
https://www.instagram.com/xrrocks/,xrrocks,103,64,FALSE,https://scontent-yyz1-1.cdninstagram.com/v/t51.2885-19/11809546_826267467451367_508436749_a.jpg?_nc_ht=scontent-yyz1-1.cdninstagram.com&_nc_cat=111&_nc_ohc=I5JcrWQdOmEAX-lhtsV&edm=ABfd0MgBAAAA&ccb=7-4&oh=00_AT_psRy_u_fikLiWrYEF-FHBluNyBaw4oisAEQczuKLaWQ&oe=622D540A&_nc_sid=7bff83,10,https://www.instagram.com/xrrocks,,,,42.66666667,103
https://www.instagram.com/theethnicamerican/,theethnicamerican,255,6,FALSE,https://scontent-yyz1-1.cdninstagram.com/v/t51.2885-19/170080419_448879409750965_3901891284365064780_n.jpg?stp=dst-jpg_s320x320&_nc_ht=scontent-yyz1-1.cdninstagram.com&_nc_cat=101&_nc_ohc=EUfqT2NRmXQAX8XYKgV&edm=ABfd0MgBAAAA&ccb=7-4&oh=00_AT8iiBuxa57-_8UfxeKfduVT6JaTcnCwSB_PzsN0JRM1Xw&oe=622D87CD&_nc_sid=7bff83,36,https://www.instagram.com/theethnicamerican,,,,4,255
https://www.instagram.com/mspeanuteats/,mspeanuteats,1840,453,FALSE,https://scontent-yyz1-1.cdninstagram.com/v/t51.2885-19/123116935_1847478552084031_1394568170933520375_n.jpg?stp=dst-jpg_s320x320&_nc_ht=scontent-yyz1-1.cdninstagram.com&_nc_cat=107&_nc_ohc=5HbDluGlQZEAX9WaCv4&edm=ABfd0MgBAAAA&ccb=7-4&oh=00_AT9R4Rt9pxA7VCLjEweoIJDLdwDl-_elZV4-GqMhVZ4RBw&oe=622D2CA8&_nc_sid=7bff83,162,https://www.instagram.com/mspeanuteats,,,,302,1840
https://www.instagram.com/basquekitchenbyaitor/,basquekitchenbyaitor,7653,393,FALSE,https://scontent-yyz1-1.cdninstagram.com/v/t51.2885-19/173501021_917045225740095_5778441690214563199_n.jpg?stp=dst-jpg_s320x320&_nc_ht=scontent-yyz1-1.cdninstagram.com&_nc_cat=103&_nc_ohc=lOTpWWh3-zoAX_WLCnj&edm=ABfd0MgBAAAA&ccb=7-4&oh=00_AT9oT_c8TfP_wEHyGEBSpwtXMsgExPQhWh44CNuIoW9Ijw&oe=622DD62C&_nc_sid=7bff83,243,https://www.instagram.com/basquekitchenbyaitor,,,,262,7653
https://www.instagram.com/julianvictortan/,julianvictortan,470,520,FALSE,https://scontent-yyz1-1.cdninstagram.com/v/t51.2885-19/155822436_750121582311823_430892924561780883_n.jpg?stp=dst-jpg_s320x320&_nc_ht=scontent-yyz1-1.cdninstagram.com&_nc_cat=107&_nc_ohc=5T49fsBGQRoAX83u1GN&edm=ABfd0MgBAAAA&ccb=7-4&oh=00_AT-I4ftjWwGeKrEGDKd_tRO83DKo8wx73s55-wdnyAAt4w&oe=622E7C2E&_nc_sid=7bff83,10,https://www.instagram.com/julianvictortan,,,,346.6666667,470
https://www.instagram.com/nicolas_reynard/,nicolas_reynard,9835,3354,FALSE,https://scontent-yyz1-1.cdninstagram.com/v/t51.2885-19/240183005_554415725801042_6332037575272906011_n.jpg?stp=dst-jpg_s320x320&_nc_ht=scontent-yyz1-1.cdninstagram.com&_nc_cat=102&_nc_ohc=D3eVebKbIK0AX_fPUt-&edm=ABfd0MgBAAAA&ccb=7-4&oh=00_AT95_-TezghBBeEedQAOvvhTbfskDQFX-dGvJOz6pZu4cQ&oe=622D65F4&_nc_sid=7bff83,696,https://www.instagram.com/nicolas_reynard,,,,2236,9835
https://www.instagram.com/jialatpeterng/,jialatpeterng,571,659,FALSE,https://scontent-yyz1-1.cdninstagram.com/v/t51.2885-19/263589885_336701434848744_1342328094407868397_n.jpg?stp=dst-jpg_s320x320&_nc_ht=scontent-yyz1-1.cdninstagram.com&_nc_cat=100&_nc_ohc=-IN48qY9sawAX-SXI6w&edm=ABfd0MgBAAAA&ccb=7-4&oh=00_AT-JpIUDPJVyXJ-y7-S0b2QKx59ri--J-b0R1DoqmjaXaw&oe=622D75A5&_nc_sid=7bff83,40,https://www.instagram.com/jialatpeterng,,,,439.3333333,571
https://www.instagram.com/kelvin.tanmr/,kelvin.tanmr,1740,1703,FALSE,https://scontent-yyz1-1.cdninstagram.com/v/t51.2885-19/32203191_143709789821683_6371686263967186944_n.jpg?stp=dst-jpg_s320x320&_nc_ht=scontent-yyz1-1.cdninstagram.com&_nc_cat=107&_nc_ohc=JAD7oCSOPQAAX9ye19C&edm=ABfd0MgBAAAA&ccb=7-4&oh=00_AT_JKKiGiGcZJ1zq_gujoQfUS6Kx465Ma6akEiUd1ZYIiQ&oe=622E7B9F&_nc_sid=7bff83,132,https://www.instagram.com/kelvin.tanmr,,,,1135.333333,1740
https://www.instagram.com/drrickjl/,drrickjl,58616,781,FALSE,https://scontent-yyz1-1.cdninstagram.com/v/t51.2885-19/270207533_1022849864944346_8964793806638276460_n.jpg?stp=dst-jpg_s320x320&_nc_ht=scontent-yyz1-1.cdninstagram.com&_nc_cat=102&_nc_ohc=1BgNSzMaUMsAX8ibVO-&edm=ABfd0MgBAAAA&ccb=7-4&oh=00_AT8igL53z4AtzTAbCa4ebQpIid3JQYiLnKJ6dVLIXn7NJw&oe=622E1B34&_nc_sid=7bff83,1235,https://www.instagram.com/drrickjl,,,,520.6666667,58616
https://www.instagram.com/oheyalicia/,oheyalicia,1036,649,FALSE,https://scontent-yyz1-1.cdninstagram.com/v/t51.2885-19/272717469_3113892755552775_4621675070739288293_n.jpg?stp=dst-jpg_s320x320&_nc_ht=scontent-yyz1-1.cdninstagram.com&_nc_cat=103&_nc_ohc=KotOzsb9QMkAX_sQHzJ&edm=ABfd0MgBAAAA&ccb=7-4&oh=00_AT9hYw2BzVWFoITWOVbVHWGuIz9ooEnTXdufHNaaBQl-vA&oe=622D42BC&_nc_sid=7bff83,224,https://www.instagram.com/oheyalicia,,,,432.6666667,1036
https://www.instagram.com/spicedchicks/,spicedchicks,141,145,FALSE,https://scontent-yyz1-1.cdninstagram.com/v/t51.2885-19/81821859_2601287716809743_1910835292202336256_n.jpg?stp=dst-jpg_s320x320&_nc_ht=scontent-yyz1-1.cdninstagram.com&_nc_cat=111&_nc_ohc=uSbH6FOcJkAAX_zAU3R&edm=ABfd0MgBAAAA&ccb=7-4&oh=00_AT9aOqwCHX5Yob_0_cdLJV6EAHh37J16wsoypAdLh3vP7g&oe=622E2F97&_nc_sid=7bff83,189,https://www.instagram.com/spicedchicks,,,,96.66666667,141
https://www.instagram.com/jotantravels/,jotantravels,5505,5148,FALSE,https://scontent-yyz1-1.cdninstagram.com/v/t51.2885-19/272910241_503058534585433_6733530269172279840_n.jpg?stp=dst-jpg_s320x320&_nc_ht=scontent-yyz1-1.cdninstagram.com&_nc_cat=101&_nc_ohc=cR3GrRR8MoUAX9vzwHH&edm=ABfd0MgBAAAA&ccb=7-4&oh=00_AT_iatnxaqplMSKw7T0t9bBhGqUdUX9fzzr7Ja3Alt8koQ&oe=622D617C&_nc_sid=7bff83,1895,https://www.instagram.com/jotantravels,,,,3432,5505
https://www.instagram.com/fabodylous/,fabodylous,45076,1460,FALSE,https://scontent-frt3-1.cdninstagram.com/v/t51.2885-19/272786359_465290808412616_1873652435955248469_n.jpg?stp=dst-jpg_s320x320&_nc_ht=scontent-frt3-1.cdninstagram.com&_nc_cat=108&_nc_ohc=XfKQuTzxTh8AX9z-dMU&edm=ABfd0MgBAAAA&ccb=7-4&oh=00_AT93f19cXauOLyxyUqZLRKNegLDkRPq8CQYJhUcVXMNnXw&oe=622D5FB2&_nc_sid=7bff83,726,https://www.instagram.com/fabodylous,,,,973.3333333,45076
https://www.instagram.com/potaatoes_/,potaatoes_,922,884,FALSE,https://scontent-frx5-2.cdninstagram.com/v/t51.2885-19/116710175_301972907788761_2546038092093780199_n.jpg?stp=dst-jpg_s320x320&_nc_ht=scontent-frx5-2.cdninstagram.com&_nc_cat=109&_nc_ohc=ofheb-chb0AAX9EaZKm&edm=ABfd0MgBAAAA&ccb=7-4&oh=00_AT8MCJy5m8ZBmPS4KyklGy7AjjHD8zqEIEU3qtNoc1By9w&oe=622ED2A1&_nc_sid=7bff83,86,https://www.instagram.com/potaatoes_,,,,589.3333333,922
https://www.instagram.com/shauna.goh/,shauna.goh,592,595,FALSE,https://scontent-frx5-1.cdninstagram.com/v/t51.2885-19/273182267_1768199796717959_683917345041295374_n.jpg?stp=dst-jpg_s320x320&_nc_ht=scontent-frx5-1.cdninstagram.com&_nc_cat=111&_nc_ohc=HVU-Su7_SRsAX86hF-2&edm=ABfd0MgBAAAA&ccb=7-4&oh=00_AT_5cx4PNhXzw3hvbhPuh3bdaZ-JB6pl2hwqEU_oRhAjlg&oe=622DCAA2&_nc_sid=7bff83,9,https://www.instagram.com/shauna.goh,,,,396.6666667,592
https://www.instagram.com/feliciaaeatss/,feliciaaeatss,1127,652,FALSE,https://scontent-frt3-2.cdninstagram.com/v/t51.2885-19/270977708_3144865729128027_6970718988247249979_n.jpg?stp=dst-jpg_s320x320&_nc_ht=scontent-frt3-2.cdninstagram.com&_nc_cat=103&_nc_ohc=WJyw-iPvfUgAX_lAODZ&edm=ABfd0MgBAAAA&ccb=7-4&oh=00_AT_p1JmpnEkedrSI6xIxUMFDrRPyr3oVzd6ZwdJpWqX02g&oe=622D746C&_nc_sid=7bff83,2881,https://www.instagram.com/feliciaaeatss,,,,434.6666667,1127
https://www.instagram.com/siewkhim27/,siewkhim27,1158,230,FALSE,https://scontent-frt3-1.cdninstagram.com/v/t51.2885-19/271536878_1371132036664482_2890732698470761013_n.jpg?stp=dst-jpg_s320x320&_nc_ht=scontent-frt3-1.cdninstagram.com&_nc_cat=106&_nc_ohc=N9ry0zGhL3wAX-ffb_x&edm=ABfd0MgBAAAA&ccb=7-4&oh=00_AT9ah0nfIvk-gOw9n_RaDS0osgUsoCCngsSLmibP8eQsJA&oe=622D7F13&_nc_sid=7bff83,713,https://www.instagram.com/siewkhim27,,,,153.3333333,1158
https://www.instagram.com/doqoosg/,doqoosg,1737,4,FALSE,https://scontent-frt3-2.cdninstagram.com/v/t51.2885-19/75561394_471695350414333_5609715407314223104_n.jpg?stp=dst-jpg_s320x320&_nc_ht=scontent-frt3-2.cdninstagram.com&_nc_cat=101&_nc_ohc=3riPh2pxm2gAX8fFZ_a&edm=ABfd0MgBAAAA&ccb=7-4&oh=00_AT-tQ2P_JOOeFeLysdrKMKpoc80g5pFcrs19jZDg6YRNNA&oe=622F0C8A&_nc_sid=7bff83,83,https://www.instagram.com/doqoosg,,,,2.666666667,1737
https://www.instagram.com/chefaujus76/,chefaujus76,3690,625,FALSE,https://scontent-frt3-2.cdninstagram.com/v/t51.2885-19/147472006_420710015651571_8981189847174190686_n.jpg?stp=dst-jpg_s320x320&_nc_ht=scontent-frt3-2.cdninstagram.com&_nc_cat=103&_nc_ohc=-bP_GeFlKjwAX_tCvou&edm=ABfd0MgBAAAA&ccb=7-4&oh=00_AT_3FGaX2krdm_Wdb9JnLnmg9_qtyfbVfPyo_xHthceSUw&oe=622E1957&_nc_sid=7bff83,159,https://www.instagram.com/chefaujus76,,,,416.6666667,3690
https://www.instagram.com/serenefoodology/,serenefoodology,12141,1869,FALSE,https://scontent-frx5-1.cdninstagram.com/v/t51.2885-19/53699531_659367041148401_4584749310691770368_n.jpg?stp=dst-jpg_s320x320&_nc_ht=scontent-frx5-1.cdninstagram.com&_nc_cat=105&_nc_ohc=46Q6REkZUzAAX9VH8WN&edm=ABfd0MgBAAAA&ccb=7-4&oh=00_AT_lL4vzF9hnPep7gMidTPMK8i621eSV-kM1Fobkxxag3g&oe=622EB372&_nc_sid=7bff83,1052,https://www.instagram.com/serenefoodology,,,,1246,12141
https://www.instagram.com/foodgemsg/,foodgemsg,26488,711,FALSE,https://scontent-frx5-1.cdninstagram.com/v/t51.2885-19/59670929_312505689417912_1878714971257307136_n.jpg?stp=dst-jpg_s320x320&_nc_ht=scontent-frx5-1.cdninstagram.com&_nc_cat=100&_nc_ohc=xGnO43CAbUcAX8kpnZ9&edm=ABfd0MgBAAAA&ccb=7-4&oh=00_AT-nGjJo4qg1N0DGraMa5plTrEhdQtm6Fx57W3Lx3OpCgA&oe=622E3E77&_nc_sid=7bff83,3078,https://www.instagram.com/foodgemsg,,,,474,26488
https://www.instagram.com/bigskytreks/,bigskytreks,7039,3374,FALSE,https://scontent-frt3-1.cdninstagram.com/v/t51.2885-19/234048694_350438059867782_7755540053157194196_n.jpg?stp=dst-jpg_s320x320&_nc_ht=scontent-frt3-1.cdninstagram.com&_nc_cat=106&_nc_ohc=Sssj5KiL2noAX_tN8f8&edm=ABfd0MgBAAAA&ccb=7-4&oh=00_AT9fQyiWGejMao_v5dFPMO6pX_GPHaF4_4NQsxnYNW34lw&oe=622E5CC5&_nc_sid=7bff83,590,https://www.instagram.com/bigskytreks,,,,2249.333333,7039
https://www.instagram.com/cinnamor011/,cinnamor011,1793,1091,FALSE,https://scontent-frt3-1.cdninstagram.com/v/t51.2885-19/258087372_445710116910248_2389776795749363707_n.jpg?stp=dst-jpg_s320x320&_nc_ht=scontent-frt3-1.cdninstagram.com&_nc_cat=108&_nc_ohc=on_m0A779r4AX-DQA6S&edm=ABfd0MgBAAAA&ccb=7-4&oh=00_AT9XQIDBXrgswopuDvorMgvjdIseGSAuBhC-SLNu1Roq_g&oe=622D9D68&_nc_sid=7bff83,179,https://www.instagram.com/cinnamor011,,,,727.3333333,1793
https://www.instagram.com/smallfraii/,smallfraii,940,778,FALSE,https://scontent-frt3-1.cdninstagram.com/v/t51.2885-19/11374309_463662397145540_1749496880_a.jpg?_nc_ht=scontent-frt3-1.cdninstagram.com&_nc_cat=108&_nc_ohc=Zz6hNkB1tQcAX_xdBLv&edm=ABfd0MgBAAAA&ccb=7-4&oh=00_AT8QMciqEg5Yr1aDq1BS7DnqonTffBY8LfMAwMEFCXsYEw&oe=622DDA34&_nc_sid=7bff83,3123,https://www.instagram.com/smallfraii,,,,518.6666667,940
https://www.instagram.com/kejin26/,kejin26,599,854,FALSE,https://scontent-frt3-1.cdninstagram.com/v/t51.2885-19/123103965_375899293462372_1895843760747899908_n.jpg?stp=dst-jpg_s320x320&_nc_ht=scontent-frt3-1.cdninstagram.com&_nc_cat=104&_nc_ohc=GJBnnrjYgwwAX_bONG0&edm=ABfd0MgBAAAA&ccb=7-4&oh=00_AT-f7WBmHvI-Eh48OJb9LXxe9GcofbHZYwUncn1C3sNIYQ&oe=622EFE92&_nc_sid=7bff83,51,https://www.instagram.com/kejin26,,,,569.3333333,599
https://www.instagram.com/yxtxxg/,yxtxxg,519,281,FALSE,https://scontent-frx5-1.cdninstagram.com/v/t51.2885-19/92127822_522778528385525_6870254906729562112_n.jpg?stp=dst-jpg_s320x320&_nc_ht=scontent-frx5-1.cdninstagram.com&_nc_cat=105&_nc_ohc=hHkdXUQvrToAX8GEfMj&edm=ABfd0MgBAAAA&ccb=7-4&oh=00_AT8cJwrewszZQaGXijZUxoHTlQpPBzF6qd8lhHZKOFw4-g&oe=622DEA4A&_nc_sid=7bff83,207,https://www.instagram.com/yxtxxg,,,,187.3333333,519
https://www.instagram.com/bbisyri/,bbisyri,635,752,FALSE,https://scontent-frt3-2.cdninstagram.com/v/t51.2885-19/274966736_493465419036025_1292839782233879958_n.jpg?stp=dst-jpg_s320x320&_nc_ht=scontent-frt3-2.cdninstagram.com&_nc_cat=101&_nc_ohc=XVYzkrWE2OsAX8fsDna&edm=ABfd0MgBAAAA&ccb=7-4&oh=00_AT9ebPfjGlPfgM5vpKA5gbN7LIUOgeHM19UoWukqXMTaOQ&oe=622D44E7&_nc_sid=7bff83,160,https://www.instagram.com/bbisyri,,,,501.3333333,635
https://www.instagram.com/thad.perc/,thad.perc,545,631,FALSE,https://scontent-frt3-1.cdninstagram.com/v/t51.2885-19/11379009_534450666732088_780042140_a.jpg?stp=dst-jpg_s320x320&_nc_ht=scontent-frt3-1.cdninstagram.com&_nc_cat=104&_nc_ohc=kf1_oyZUHnQAX_KvVRa&edm=ABfd0MgBAAAA&ccb=7-4&oh=00_AT-tpUJjBtsau8grnF_qKt0WyhjbdZv0rysX-2MixAkFBQ&oe=622E0C87&_nc_sid=7bff83,73,https://www.instagram.com/thad.perc,,,,420.6666667,545
https://www.instagram.com/culivinary/,culivinary,3389,718,FALSE,https://scontent-frx5-1.cdninstagram.com/v/t51.2885-19/83740502_175849747026168_8227235001968623616_n.jpg?stp=dst-jpg_s320x320&_nc_ht=scontent-frx5-1.cdninstagram.com&_nc_cat=100&_nc_ohc=QA5MME3CDFgAX_UPXhY&edm=ABfd0MgBAAAA&ccb=7-4&oh=00_AT9gidshqvxWS1CQ7sFtCAHEnC60VfokIGBDKtuYDgvFoA&oe=622ED4DC&_nc_sid=7bff83,681,https://www.instagram.com/culivinary,,,,478.6666667,3389
https://www.instagram.com/nagi_bento/,nagi_bento,263,235,FALSE,https://scontent-frx5-1.cdninstagram.com/v/t51.2885-19/118692178_3490266064363354_2743094430887279807_n.jpg?stp=dst-jpg_s320x320&_nc_ht=scontent-frx5-1.cdninstagram.com&_nc_cat=110&_nc_ohc=YoL4vBNBA4cAX9WfG0J&edm=ABfd0MgBAAAA&ccb=7-4&oh=00_AT9lT7ISoxcMYZV7iNKX29J-zIGDXa8Fvh1zUSFTq2AsSA&oe=622EDD36&_nc_sid=7bff83,151,https://www.instagram.com/nagi_bento,,,,156.6666667,263
https://www.instagram.com/jasbakesz/,jasbakesz,162,150,FALSE,https://scontent-frx5-1.cdninstagram.com/v/t51.2885-19/192720333_2812041032391521_8871970844406656713_n.jpg?stp=dst-jpg_s320x320&_nc_ht=scontent-frx5-1.cdninstagram.com&_nc_cat=105&_nc_ohc=D4zzJ0WjV3oAX_E9F0x&edm=ABfd0MgBAAAA&ccb=7-4&oh=00_AT9SoZr_W52FKPo-wtqqCMcZUsl7ERjsCt65RjOdQg8Efg&oe=622EB2CA&_nc_sid=7bff83,96,https://www.instagram.com/jasbakesz,,,,100,162
https://www.instagram.com/shankypankyy/,shankypankyy,811,820,FALSE,https://scontent-frx5-1.cdninstagram.com/v/t51.2885-19/115809345_912435799282524_613251627884176104_n.jpg?stp=dst-jpg_s320x320&_nc_ht=scontent-frx5-1.cdninstagram.com&_nc_cat=100&_nc_ohc=cwimkkE6SXAAX9JlIFY&edm=ABfd0MgBAAAA&ccb=7-4&oh=00_AT_XTnOqc-zK-ylEV7oz62UIEAIlgTu2UIff9kJWk8jgVA&oe=622D8B20&_nc_sid=7bff83,349,https://www.instagram.com/shankypankyy,,,,546.6666667,811
https://www.instagram.com/kenlaphoto/,kenlaphoto,4252,430,FALSE,https://scontent-frt3-1.cdninstagram.com/v/t51.2885-19/267540851_617472166198838_5818511828552238639_n.jpg?stp=dst-jpg_s320x320&_nc_ht=scontent-frt3-1.cdninstagram.com&_nc_cat=102&_nc_ohc=5_BQqA4SXfAAX9e9fWq&edm=ABfd0MgBAAAA&ccb=7-4&oh=00_AT8Hbohao-sC18chSt2barU5pMNopLho1158k56yOUKLsg&oe=622ED505&_nc_sid=7bff83,327,https://www.instagram.com/kenlaphoto,,,,286.6666667,4252
https://www.instagram.com/rovertng/,rovertng,917,645,FALSE,https://scontent-frt3-1.cdninstagram.com/v/t51.2885-19/84067984_140749233680474_8551352793405849600_n.jpg?stp=dst-jpg_s320x320&_nc_ht=scontent-frt3-1.cdninstagram.com&_nc_cat=102&_nc_ohc=7gSsdovAXIAAX8Cm6Xc&edm=ABfd0MgBAAAA&ccb=7-4&oh=00_AT9azsgMTsVYoP9POQTrLIjOcV7BtCYUpTgVv6wW0Q_ofw&oe=622DD2F8&_nc_sid=7bff83,111,https://www.instagram.com/rovertng,,,,430,917
https://www.instagram.com/rosannarichard/,rosannarichard,720,536,FALSE,https://scontent-frt3-1.cdninstagram.com/v/t51.2885-19/274501675_373536944198246_4747771928150029327_n.jpg?stp=dst-jpg_s320x320&_nc_ht=scontent-frt3-1.cdninstagram.com&_nc_cat=102&_nc_ohc=bfOTu0WKQYMAX-VqsZn&edm=ABfd0MgBAAAA&ccb=7-4&oh=00_AT_bhMQwuKCFDUaSiabAvviQXrAW-rogtn-JclYyKLpk6g&oe=622DA64D&_nc_sid=7bff83,15,https://www.instagram.com/rosannarichard,,,,357.3333333,720
https://www.instagram.com/imso_randy/,imso_randy,1027,1435,FALSE,https://scontent-frt3-1.cdninstagram.com/v/t51.2885-19/50210708_546132179236610_1041416693244493824_n.jpg?stp=dst-jpg_s320x320&_nc_ht=scontent-frt3-1.cdninstagram.com&_nc_cat=102&_nc_ohc=Awu7LBrSQssAX_25V1P&edm=ABfd0MgBAAAA&ccb=7-4&oh=00_AT_0_1LZ09UYuY_pIM1tlMdYLoKPdravMsVl2o4z9rhLQw&oe=622E0CF5&_nc_sid=7bff83,129,https://www.instagram.com/imso_randy,,,,956.6666667,1027
https://www.instagram.com/fionaojy/,fionaojy,1001,1308,FALSE,https://scontent-frt3-1.cdninstagram.com/v/t51.2885-19/117596849_942030256277636_8042497289679865181_n.jpg?stp=dst-jpg_s320x320&_nc_ht=scontent-frt3-1.cdninstagram.com&_nc_cat=108&_nc_ohc=JrHlh5XIAWEAX8A9SzJ&edm=ABfd0MgBAAAA&ccb=7-4&oh=00_AT-NWy1fbzMR1F1L1_eohoVvmt7pIA2EgehoLKuWcVOYxw&oe=622E888D&_nc_sid=7bff83,604,https://www.instagram.com/fionaojy,,,,872,1001
https://www.instagram.com/mervinalogy/,mervinalogy,649,524,FALSE,https://scontent-frt3-1.cdninstagram.com/v/t51.2885-19/262953347_1850195925191406_1122849162559405800_n.jpg?stp=dst-jpg_s320x320&_nc_ht=scontent-frt3-1.cdninstagram.com&_nc_cat=106&_nc_ohc=g5x_tTvkEQEAX9OQcqU&edm=ABfd0MgBAAAA&ccb=7-4&oh=00_AT8L9QvOtkOvXWv8G0gJXjMhev5mySpro3fl5n2Pwkg2EA&oe=622DCA3D&_nc_sid=7bff83,1336,https://www.instagram.com/mervinalogy,,,,349.3333333,649
https://www.instagram.com/cult.zip/,cult.zip,3743,1033,FALSE,https://scontent-frt3-2.cdninstagram.com/v/t51.2885-19/272820167_142810431518091_8375576748640060703_n.jpg?stp=dst-jpg_s320x320&_nc_ht=scontent-frt3-2.cdninstagram.com&_nc_cat=103&_nc_ohc=ZyHTj5rRlzEAX8TbO7W&edm=ABfd0MgBAAAA&ccb=7-4&oh=00_AT8eK_N8jAhFeDOhcLR07gLHgJn-a3DcBOVtqEpNX7d0dQ&oe=622D37FD&_nc_sid=7bff83,271,https://www.instagram.com/cult.zip,,,,688.6666667,3743
https://www.instagram.com/iheartkatiecakes/,iheartkatiecakes,14846,2173,FALSE,https://scontent-frt3-1.cdninstagram.com/v/t51.2885-19/251030064_582454909476234_3028442988667622346_n.jpg?stp=dst-jpg_s320x320&_nc_ht=scontent-frt3-1.cdninstagram.com&_nc_cat=106&_nc_ohc=qjoZ72wybccAX_4Kdxv&edm=ABfd0MgBAAAA&ccb=7-4&oh=00_AT_qUOodkk19eWqwzd6DH3lnlbgsRUZF3h94ud5fKUVYuw&oe=622DE06D&_nc_sid=7bff83,1281,https://www.instagram.com/iheartkatiecakes,,,,1448.666667,14846
https://www.instagram.com/fred_60seconds_recipes/,fred_60seconds_recipes,5742,246,FALSE,https://scontent-frt3-1.cdninstagram.com/v/t51.2885-19/256827294_1594465540891712_5092073100695163022_n.jpg?stp=dst-jpg_s320x320&_nc_ht=scontent-frt3-1.cdninstagram.com&_nc_cat=108&_nc_ohc=8d6F1tnaDFMAX_bsZ3B&edm=ABfd0MgBAAAA&ccb=7-4&oh=00_AT8vhMWcxrNk14cGHMHa6DEA9nbcw8yeeFhQh3JDdzdk5A&oe=622DF6A4&_nc_sid=7bff83,194,https://www.instagram.com/fred_60seconds_recipes,,,,164,5742
https://www.instagram.com/terrifictoasts/,terrifictoasts,259,100,FALSE,https://scontent-frt3-1.cdninstagram.com/v/t51.2885-19/117346426_130541785407594_8033190397726037538_n.jpg?stp=dst-jpg_s320x320&_nc_ht=scontent-frt3-1.cdninstagram.com&_nc_cat=106&_nc_ohc=ASeTp7ozObcAX_PYwoR&edm=ABfd0MgBAAAA&ccb=7-4&oh=00_AT88KMc31ABEFQt93mUdeWjgsJb1kZxYG3UJUKnyDlic_Q&oe=622D9D73&_nc_sid=7bff83,152,https://www.instagram.com/terrifictoasts,,,,66.66666667,259
https://www.instagram.com/manzy.wanzy/,manzy.wanzy,959,990,FALSE,https://scontent-frt3-1.cdninstagram.com/v/t51.2885-19/275164740_671428594188362_3820387562528377602_n.jpg?stp=dst-jpg_s320x320&_nc_ht=scontent-frt3-1.cdninstagram.com&_nc_cat=102&_nc_ohc=xSmCKL2bgZ8AX-un1O2&edm=ABfd0MgBAAAA&ccb=7-4&oh=00_AT_6jTKRrlgjFiYhULrI3TnEK7xgdGHmxSAHK0kqUtYvEg&oe=622E369C&_nc_sid=7bff83,381,https://www.instagram.com/manzy.wanzy,,,,660,959
https://www.instagram.com/mylittlekitchen_93/,mylittlekitchen_93,6870,997,FALSE,https://scontent-frt3-1.cdninstagram.com/v/t51.2885-19/94187972_709308183147064_4492647297556938752_n.jpg?stp=dst-jpg_s320x320&_nc_ht=scontent-frt3-1.cdninstagram.com&_nc_cat=104&_nc_ohc=gJ_ykTk6G2gAX9Jh8Wl&edm=ABfd0MgBAAAA&ccb=7-4&oh=00_AT-VTnF26lu2zweDJ8U647p2H_gaPadHscjsqlg-_-xVOA&oe=622EE9FE&_nc_sid=7bff83,164,https://www.instagram.com/mylittlekitchen_93,,,,664.6666667,6870
https://www.instagram.com/wanessaurus/,wanessaurus,1855,1568,FALSE,https://scontent-yyz1-1.cdninstagram.com/v/t51.2885-19/263810827_447332270160406_3218616660092665877_n.jpg?stp=dst-jpg_s320x320&_nc_ht=scontent-yyz1-1.cdninstagram.com&_nc_cat=110&_nc_ohc=VqlcjiFP0g4AX84KDyL&edm=ABfd0MgBAAAA&ccb=7-4&oh=00_AT8oNT8OJSsmYiB3l3gJjEw2OrOBmWpGMvqX8Kw6ejDjqw&oe=622E8B02&_nc_sid=7bff83,704,https://www.instagram.com/wanessaurus,,,,1045.333333,1855
https://www.instagram.com/msoinkee/,msoinkee,7056,2431,FALSE,https://scontent-yyz1-1.cdninstagram.com/v/t51.2885-19/269559619_433737871564189_8643513347329056302_n.jpg?stp=dst-jpg_s320x320&_nc_ht=scontent-yyz1-1.cdninstagram.com&_nc_cat=101&_nc_ohc=3m8tsLDl2lkAX9VYny_&edm=ABfd0MgBAAAA&ccb=7-4&oh=00_AT9gDKLoZ2akYQmtMM4i7Qf-W_BLblc5fJcNG4JnVwUwDQ&oe=622E7E04&_nc_sid=7bff83,2851,https://www.instagram.com/msoinkee,,,,1620.666667,7056
https://www.instagram.com/sumairu_private_kitchen/,sumairu_private_kitchen,376,192,FALSE,https://scontent-yyz1-1.cdninstagram.com/v/t51.2885-19/271342356_733034271003829_2336271994550260379_n.jpg?stp=dst-jpg_s320x320&_nc_ht=scontent-yyz1-1.cdninstagram.com&_nc_cat=101&_nc_ohc=5L9NfwbuzUkAX-UWSFB&edm=ABfd0MgBAAAA&ccb=7-4&oh=00_AT_p80fkfSO6eGNrTgBenvIaPqAyhKXxa0Ej04pauRKbyA&oe=622E0684&_nc_sid=7bff83,68,https://www.instagram.com/sumairu_private_kitchen,,,,128,376
https://www.instagram.com/reubenwenhao/,reubenwenhao,10193,1885,FALSE,https://scontent-yyz1-1.cdninstagram.com/v/t51.2885-19/121029110_817979082348924_5192948127341553058_n.jpg?stp=dst-jpg_s320x320&_nc_ht=scontent-yyz1-1.cdninstagram.com&_nc_cat=100&_nc_ohc=-U71izgrVcIAX_-Wxa0&edm=ABfd0MgBAAAA&ccb=7-4&oh=00_AT84PtLg5U-hTsF3weEMJyF7_hKH4jdyDIqwuezDixJ3Hg&oe=622EC2CC&_nc_sid=7bff83,1193,https://www.instagram.com/reubenwenhao,,,,1256.666667,10193
https://www.instagram.com/sidsyummy_food/,sidsyummy_food,2743,1188,FALSE,https://scontent-yyz1-1.cdninstagram.com/v/t51.2885-19/118943974_786953932071386_7619812246344633014_n.jpg?stp=dst-jpg_s320x320&_nc_ht=scontent-yyz1-1.cdninstagram.com&_nc_cat=102&_nc_ohc=Ho4gBA9VRfsAX_pMJUa&edm=ABfd0MgBAAAA&ccb=7-4&oh=00_AT9iT8YaJQcViP_MEyatG6j-f32CAy_RSflhPzK2N-ISWw&oe=622F00FB&_nc_sid=7bff83,413,https://www.instagram.com/sidsyummy_food,,,,792,2743
https://www.instagram.com/gordonlwx/,gordonlwx,894,892,FALSE,https://scontent-yyz1-1.cdninstagram.com/v/t51.2885-19/119922003_4540532039351766_3785200355596474741_n.jpg?stp=dst-jpg_s320x320&_nc_ht=scontent-yyz1-1.cdninstagram.com&_nc_cat=106&_nc_ohc=m5WAJAvHtNEAX9JgbLi&edm=ABfd0MgBAAAA&ccb=7-4&oh=00_AT-QR4i4EVQSfKfzWGpxdP657AlhiM4H9nZD3bbE_f2Upw&oe=622E8539&_nc_sid=7bff83,100,https://www.instagram.com/gordonlwx,,,,594.6666667,894
https://www.instagram.com/ssuwangsa/,ssuwangsa,3538,4502,FALSE,https://scontent-yyz1-1.cdninstagram.com/v/t51.2885-19/246215588_1001670003723435_530875241382149325_n.jpg?stp=dst-jpg_s320x320&_nc_ht=scontent-yyz1-1.cdninstagram.com&_nc_cat=103&_nc_ohc=HcCoc8s2GRAAX9LeYnf&edm=ABfd0MgBAAAA&ccb=7-4&oh=00_AT--MzoHULCRB2F23gWv2zP7kJ-NetmlaVAyWgZzI85dSw&oe=622D2272&_nc_sid=7bff83,985,https://www.instagram.com/ssuwangsa,,,,3001.333333,3538
https://www.instagram.com/wouyourheart/,wouyourheart,274,57,FALSE,https://scontent-yyz1-1.cdninstagram.com/v/t51.2885-19/85211466_232109314491402_4862755079108689920_n.jpg?stp=dst-jpg_s320x320&_nc_ht=scontent-yyz1-1.cdninstagram.com&_nc_cat=106&_nc_ohc=hzMiz9VBPysAX-krV22&edm=ABfd0MgBAAAA&ccb=7-4&oh=00_AT_mNKNHxcAlZB2DgJ-OETD_tSSliIz0_3hvtgOCNqA1EQ&oe=622E9C95&_nc_sid=7bff83,46,https://www.instagram.com/wouyourheart,,,,38,274
https://www.instagram.com/regineeeyow/,regineeeyow,1373,900,FALSE,https://scontent-yyz1-1.cdninstagram.com/v/t51.2885-19/271125877_977433686513534_8775713823610894209_n.jpg?stp=dst-jpg_s320x320&_nc_ht=scontent-yyz1-1.cdninstagram.com&_nc_cat=102&_nc_ohc=bupcPFZEK4wAX9BESZh&edm=ABfd0MgBAAAA&ccb=7-4&oh=00_AT9CZb5qRnokKJwXufi4XrBGdWaJZPlGGa2dUOb7cgLkTA&oe=622D3852&_nc_sid=7bff83,69,https://www.instagram.com/regineeeyow,,,,600,1373
https://www.instagram.com/kevinteeeeeee/,kevinteeeeeee,951,945,FALSE,https://scontent-yyz1-1.cdninstagram.com/v/t51.2885-19/83963404_2469220739984530_800342236209348608_n.jpg?stp=dst-jpg_s320x320&_nc_ht=scontent-yyz1-1.cdninstagram.com&_nc_cat=110&_nc_ohc=n6BZd9AaeCQAX-EfPf0&edm=ABfd0MgBAAAA&ccb=7-4&oh=00_AT_6D1Lv9lE7eAK63gHZxR-mdLfzTjK_NltcrodUyF8nOg&oe=622D75B9&_nc_sid=7bff83,38,https://www.instagram.com/kevinteeeeeee,,,,630,951
https://www.instagram.com/niiellegrace/,niiellegrace,1615,1500,FALSE,https://scontent-yyz1-1.cdninstagram.com/v/t51.2885-19/40074155_229266397933817_146291190306701312_n.jpg?stp=dst-jpg_s320x320&_nc_ht=scontent-yyz1-1.cdninstagram.com&_nc_cat=105&_nc_ohc=5TDo-Vbqs6EAX8YOviJ&edm=ABfd0MgBAAAA&ccb=7-4&oh=00_AT_akiPBxwosb6gamkXaSoytLBO3kG7KCL7CDXV9plcA6Q&oe=622D49C6&_nc_sid=7bff83,363,https://www.instagram.com/niiellegrace,,,,1000,1615
https://www.instagram.com/rigor0th/,rigor0th,789,660,FALSE,https://scontent-yyz1-1.cdninstagram.com/v/t51.2885-19/21984734_117467362258001_8418763180133580800_n.jpg?stp=dst-jpg_s320x320&_nc_ht=scontent-yyz1-1.cdninstagram.com&_nc_cat=105&_nc_ohc=qUdzk7t7m3IAX_s3--2&edm=ABfd0MgBAAAA&ccb=7-4&oh=00_AT8G9qrEfaXEPkkyTlX071NywHYV2L8RIBv3KbvljOhaRg&oe=622EC03E&_nc_sid=7bff83,7,https://www.instagram.com/rigor0th,,,,440,789
https://www.instagram.com/garychinchin/,garychinchin,300,409,FALSE,https://scontent-yyz1-1.cdninstagram.com/v/t51.2885-19/11906202_1477252082571824_768627059_a.jpg?_nc_ht=scontent-yyz1-1.cdninstagram.com&_nc_cat=108&_nc_ohc=NRu8QVTdhh4AX_A9eXa&edm=ABfd0MgBAAAA&ccb=7-4&oh=00_AT_GYEOHbZfV7ytuuJBEkpw6unyvoXbpYVnatUUF3VIcQQ&oe=622EEDE7&_nc_sid=7bff83,250,https://www.instagram.com/garychinchin,,,,272.6666667,300
https://www.instagram.com/gracebracetan/,gracebracetan,3084,2023,FALSE,https://scontent-yyz1-1.cdninstagram.com/v/t51.2885-19/269946476_921605062048714_114045151389105773_n.jpg?stp=dst-jpg_s320x320&_nc_ht=scontent-yyz1-1.cdninstagram.com&_nc_cat=110&_nc_ohc=1NoNNLC-03IAX-_Xnd2&edm=ABfd0MgBAAAA&ccb=7-4&oh=00_AT9YUuHAY3vXGYmzArv018V3pREoQb2Zc2NV4Irx4gTpmg&oe=622E57C3&_nc_sid=7bff83,1845,https://www.instagram.com/gracebracetan,,,,1348.666667,3084
