,post_url,hashtags
0,https://www.instagram.com/p/CQ--UmMH_i8/,"#sgfood, #sg, #sgfoodies, #hawkerculturesg, #koreanfoodsg, #singapore, #korean, #korea, #koreanfood, #koreanfoodlovers, #8dayseat, #food, #foodie, #foodporn, #foodstagram, #foodblogger, #foodie, #foodstylist, #foodpics, #foodprep, #foodblogger, #foodart, #foodgram, #travel, #travelphotography, #trending, #travelblogger, #travelgram, #training, #traveladdict, #travelpics"
1,https://www.instagram.com/p/CUhn24DKP0A/,"#lino, #linocutprint, #linocut, #linoprint, #linoleumprint, #linocutting, #linoprinting, #print, #prints, #printmaking, #printstudio, #printmaker, #printmakingart, #printmakingstudio, #singapore, #singaporefood, #hawkerfood, #hawkerfoodsg, #hawkerculturesg, #sghawkerfood, #sghawkerculture, #sghawkers"
2,https://www.instagram.com/p/CNUz7jPnpJK/,"#chinhogaixiao, #chinhojiak, #ÁîÑÂ•ΩÂêÉ, #ÁîÑÂ•Ω‰ªãÁªç, #supporthawker, #supportlocal, #hawkerfoodsg, #hawkerfood, #hawkersg, #hawkerculturesg, #hawkercentre, #hawker, #hawkerculture, #ourhawkerculture, #singaporefood, #singaporefoodie, #singaporehawkerfood, #sgfoodie, #sgfood, #sghawker, #sghawkerculture, #singaporefoodculture, #soysaucechicken, #soysaucechickennoodle, #clementi, #clementifoodcentre, #clementifood, #clementihawker, #Ê≤πÈ∏°Èù¢"
3,https://www.instagram.com/p/CZlBMnEPFcy/,"#hawkerculturesg, #coffeeshopsg"
4,https://www.instagram.com/p/COcNod6nOhv/,"#affordable, #awesomefood, #delicious, #explorefood, #foodporn, #food, #foodie, #foodhunt, #foodreview, #foodexploring, #goodfood, #hueats, #hawkerculturesg, #hawker, #hawkerfood, #hungry, #iwannacomebackhere, #ilikefood, #impressive, #iwillbeback, #lovefood, #liveforfood, #meihueats, #sggdfood, #sgfood, #chickenrice, #chicken, #whitechicken, #hainesechickenrice, #bestchickenrice"
5,https://www.instagram.com/p/CNhB3UYs2yL/,"#lino, #linocutprint, #linocut, #linoprint, #linoleumprint, #linocutting, #linoprinting, #print, #prints, #printmaking, #printstudio, #printmaker, #printmakingart, #printmakingstudio, #singapore, #singaporefood, #hawkerfood, #hawkerfoodsg, #hawkerculturesg, #sghawkerfood, #sghawkerculture, #sghawkers"
6,https://www.instagram.com/p/CXj2W6UBgj2/,"#food, #foodie, #foodiesg, #foodspotting, #eatersg, #hawkerculturesg, #hawkersg, #hawkerfood, #wontonmee, #noodles, #singaporefoodie, #shiok, #sgdining, #sgeats, #delish, #eeeeeats, #delicious, #foodcoma, #foodspotting, #foodpics, #eatingforinsta, #igfoodies, #instafood, #foodinstagram, #thesingaporefoodbutler"
7,https://www.instagram.com/p/CXtJ3L3v-9a/,"#lino, #linoleumprint, #linocutting, #linoprinting, #print, #prints, #printmaking, #printstudio, #printmaker, #printmakingart, #printmakingstudio, #awagami, #awagamipaper, #cranfieldcolours, #ironfrogpress, #singapore, #singaporefood, #hawkerfood, #hawkerfoodsg, #hawkerculturesg, #pngkueh"
8,https://www.instagram.com/p/CXAYuGbviIg/,"#instafoodsg, #instafood, #locateats, #sgeats, #sgfoodie, #foodiesg, #sgfood, #hawkerculturesg, #hawkerfoodsg, #hawkerfood, #sghawkerfood, #localdelights, #supportlocalsg, #lunch, #fooddiarysg, #localjiak, #eatsg, #meerebus, #meesiam"
9,https://www.instagram.com/p/CRy7OA3gDi3/,"#justsaying, #singaporenews, #uniqlo, #supportlocalsg, #hawkerculturesg, #hawkerfood, #hawkerculture, #singapore, #singaporelife, #singaporelifestyle"
10,https://www.instagram.com/p/CQFZ6SbnLlM/,"#OurCoffeeshopFood, #SupportLocal, #HawkerCultureSg, #CoffeeAroma, #FishballNoodles, #SgVibes, #Â∞èÊó•Â≠ê, #È±º‰∏∏Èù¢, #È±ºÂúÜÈù¢, #ÂíñÂï°Â∫óÂêÉÂñù, #Êó©ÂÆâÂíñÂï°, #ÂíñÂï°È¶ô"
11,https://www.instagram.com/p/CToUZxoBQR5/,"#DCfoodjournal, #killineykopithiam, #kopiandtoast, #hawker, #hawkerfood, #hawkercentre, #sghawker, #hawkerfoodsg, #hawkersg, #sghawkerfood, #hawkerculture, #hawkerculturesg, #sgfood, #sgfoodies, #sgfoodie, #sgeats, #sgfoodtrend, #sgfoodblogger, #burpple, #sgfoodporn, #singaporefood, #sgfooddiary"
12,https://www.instagram.com/p/CQnIAhDnm7H/,"#yuanyangpengsiudai, #weekendcoffee, #weekendcoffeesg, #sgcoffeefest, #coffeelover, #yuanyangcoffee, #traditionalcoffee, #coffeeortea, #coffeelover, #butfirstcoffee, #howilikemycoffee, #coffeeislove, #coffeeislife, #sgkopi, #igsgfood, #igsgdrinks, #ilovecoffee, #kopiculture, #hawkerculturesg"
13,https://www.instagram.com/p/CYBuB4gvh-o/,"#yummylocalfare, #hawkersg, #hawkerfood, #hawkerculturesg, #wavebye21"
14,https://www.instagram.com/p/CPibDL-Bidh/,Error
15,https://www.instagram.com/p/CUa0HhdhPpr/,"#01-5109,, #DCfoodjournal, #heapsengleong, #kopiandtoast, #hawker, #hawkerfood, #hawkercentre, #sghawker, #hawkerfoodsg, #hawkersg, #sghawkerfood, #hawkerculture, #hawkerculturesg, #sgfood, #sgfoodies, #sgfoodie, #sgeats, #sgfoodtrend, #sgfoodblogger, #burpple, #sgfoodporn, #singaporefood, #sgfooddiary"
16,https://www.instagram.com/p/CS35tgmHpF-/,"#instafoodsg, #instafood, #locateats, #sgeats, #localjiak, #sgfoodie, #foodiesg, #sgfood, #comfortfood, #hawkerfood, #hawkerculturesg, #hawkerfoodsg, #dinner, #oystermeesuaËöµ‰ªîÈù¢Á∫ø, #timsumÁÇπÂøÉ"
17,https://www.instagram.com/p/CTESfUQH2P6/,"#sgclean, #hawkersinwatercolours, #hawkerculturesg, #sgfoodie, #sghawkers, #"
18,https://www.instagram.com/p/CNZ87_gHE8H/,"#chinhogaixiao, #chinhojiak, #ÁîÑÂ•ΩÂêÉ, #ÁîÑÂ•Ω‰ªãÁªç, #supporthawker, #supportlocal, #hawkerfoodsg, #hawkerfood, #hawkersg, #hawkerculturesg, #hawkercentre, #hawker, #hawkerculture, #ourhawkerculture, #singaporefood, #singaporefoodie, #singaporehawkerfood, #sgfoodie, #sgfood, #sghawker, #sghawkerculture, #singaporefoodculture, #fochroad, #paofan, #Ê≥°È•≠"
19,https://www.instagram.com/p/CPnCUuTJded/,"#1-30., #wheretodapao, #supportlocalsg, #supportsghawkers, #sgfoodies, #whattoeat, #sgeats, #muslimfood, #ayampenyet, #hawkerculturesg, #dabaosg"
20,https://www.instagram.com/p/CPLUNorrnUR/,#hawkerculturesg
21,https://www.instagram.com/p/CX-rqU3P6IU/,"#lino, #linoleumprint, #linocutting, #linoprinting, #print, #prints, #printmaking, #printstudio, #printmaker, #printmakingart, #printmakingstudio, #singapore, #singaporefood, #hawkerfood, #hawkerfoodsg, #hawkerculturesg, #pngkueh"
22,https://www.instagram.com/p/CYvDT8KPhc4/,"#01-235,, #sgig, #igsg, #instadaily, #supportlocalsg, #supportlocalbusiness, #supportlocal, #singaporehawkerfood, #hawkerculturesg, #sgfoodie, #sgfoodreview, #sgfoodtrend, #sgfoodlover, #sgfoodblogger, #sgblogger, #sgfoodpic, #eatbooksg, #whati8todaysg"
23,https://www.instagram.com/p/CYAxuuPP2gu/,"#sgfoodies, #sgfood, #sgeats, #burpplesg, #instafoodsg, #jiaksimipng, #jiaklocal, #hawkerfoodsg, #sgfoodtrend, #globaleats, #thefoodieinitiative, #foodiesinternationalchat, #sgfoodblogger, #foodiesg, #foodsg, #singaporefood, #singaporefoodie, #eatbooksg, #8dayseat, #sgfoodhunt, #sgigfood, #hawkerculturesg, #eatoutsg, #yishunfood, #beefbrisketnoodle, #wantonmee, #chefkin"
24,https://www.instagram.com/p/CUGDnlEh6f_/,"#01-14, #DCfoodjournal, #ahterfishballnoodles, #fishballnoodles, #hawker, #hawkerfood, #hawkercentre, #sghawker, #hawkerfoodsg, #hawkersg, #sghawkerfood, #hawkerculture, #hawkerculturesg, #sgfood, #sgfoodies, #instafood, #foodstagram, #foodie, #sgfoodie, #sgeats, #foodphotography, #sgfoodtrend, #sgfoodblogger, #burpple, #igfood, #sgfoodporn, #singaporefood, #sgfooddiary"
25,https://www.instagram.com/p/CXkvzVQv9AB/,"#lino, #linoleumprint, #linocutting, #linoprinting, #print, #prints, #printmaking, #printstudio, #printmaker, #printmakingart, #printmakingstudio, #awagami, #awagamipaper, #cranfieldcolours, #singapore, #singaporefood, #hawkerfood, #hawkerfoodsg, #hawkerculturesg, #coffee"
26,https://www.instagram.com/p/CYvjGE7Pzw8/,"#laosankwaychap, #umamibroth, #sourspicychili, #saltedvegetable, #top3kwaychapthusfar, #bakersim, #bakersimfood, #hawkerfoodsg, #hawkerculturesg, #unescointangibleculturalheritage"
27,https://www.instagram.com/p/CNO1G10HIIX/,"#hawkerculturesg, #hawkerfood, #hawkerfoodsg, #lunchtime, #chickenrice, #sgfoodlover, #dabaosg, #byoc, #zerowastelifestyle, #noplastic, #byocontainer, #sgfood, #dabaosg, #internationalfoodieschat, #zerowaste, #reuserevolution, #‰∏çÂ°ë‰πãÂÆ¢, #ÂáèÂ°ëÁîüÊ¥ª, #ÁÑ°ÁóïÈ£≤È£ü, #byosg, #BYOsuccess, #byoc, #byo, #reusablenotdisposable, #refuseplastic, #sgfood, #packagefree, #foodtogo, #Áí∞Â¢ÉÂïèÈ°å, #sustainablelivingsg, #ecofriendlyliving, #lunchtime"
28,https://www.instagram.com/p/CSvOlsiBaYI/,"#01-20,, #DCfoodjournal, #xinglongcookedfood, #caipng, #caifan, #hawker, #hawkerfood, #hawkercentre, #sghawker, #hawkerfoodsg, #hawkersg, #sghawkerfood, #hawkerculture, #hawkerculturesg, #sgfood, #sgfoodies, #foodie, #sgfoodie, #sgeats, #sgfoodtrend, #sgfoodblogger, #burpple, #sgfoodporn, #singaporefood, #sgfooddiary"
29,https://www.instagram.com/p/CSvhxblllL6/,"#singaporeanindian, #singaporeanindiannarrative, #singaporean, #singaporehistory, #singapore, #indianexpats, #expatlivingsg, #expatsingapore, #expatsg, #singaporeculture, #singaporeheritage, #covid_19singapore, #covid, #covid_19, #coronavirussingapore, #·¥†·¥Ä·¥Ñ·¥Ñ…™…¥·¥áss·¥Ä·¥†·¥á ü…™·¥†·¥ás, #hawkerfoodsg, #hawkerculture, #hawkerculturesg, #sgfood, #sgfoodies, #sgfooddiary"
30,https://www.instagram.com/p/CWKrsQdvQDv/,"#lino, #linocutprint, #linocut, #linoprint, #linoleumprint, #linocutting, #linoprinting, #print, #prints, #printmaking, #printstudio, #printmaker, #printmakingart, #printmakingstudio, #singapore, #singaporefood, #hawkerfood, #hawkerfoodsg, #hawkerculturesg, #sghawkerfood, #sghawkerculture, #sghawkers, #durian"
31,https://www.instagram.com/p/COQNjTanfCp/,"#chinhogaixiao, #chinhojiak, #ÁîÑÂ•ΩÂêÉ, #ÁîÑÂ•Ω‰ªãÁªç, #supporthawker, #supportlocal, #hawkerfoodsg, #hawkerfood, #hawkersg, #hawkerculturesg, #hawkercentre, #hawker, #hawkerculture, #ourhawkerculture, #singaporefood, #singaporefoodie, #singaporehawkerfood, #sgfoodie, #sgfood, #sghawker, #sghawkerculture, #singaporefoodculture, #prata, #rotiprata, #tebangarden"
32,https://www.instagram.com/p/CWNWOu1vCiz/,"#instafoodsg, #instafood, #locateats, #sgeats, #localjiak, #sgfoodie, #foodiesg, #sgfood, #eatsg, #fooddiarysg, #hawkerfood, #sghawkerfood, #hawkerculturesg, #claypotrice"
33,https://www.instagram.com/p/CRMJSPllxIC/,"#foodstagram, #foodporn, #food, #sgfood, #sgfoodies, #sgcafe, #whati8today, #hawkerfood, #sgrestaurant, #sgfoodies, #sgfooddiary, #sgfoodhunt, #sgfoodblogger, #chinesefood, #chinese, #dumplings, #wanton, #noodles, #wantonmee, #amoy, #amoyfoodcentre, #hawker, #hawkerfoodsg, #supportsmallbusiness, #hawkerculture, #hawkerculturesg, #foodiesg"
34,https://www.instagram.com/p/CXNHoa7gksR/,"#wakerchickensg, #wakerchicken, #supportlocal, #supporthawker, #openingsoon, #sgopening, #hawkerculturesg, #hawkerfood, #whatieatinaday, #sgfoodtrend, #sgfoodtrending, #sgdelights"
35,https://www.instagram.com/p/CSjH0oDH3Tt/,"#01-26,, #DCfoodjournal, #katonglaksa, #laska, #hawker, #hawkerfood, #hawkercentre, #sghawker, #hawkerfoodsg, #hawkersg, #sghawkerfood, #hawkerculture, #hawkerculturesg, #sgfood, #sgfoodies, #instafood, #foodstagram, #foodie, #sgfoodie, #sgeats, #foodphotography, #sgfoodtrend, #sgfoodblogger, #burpple, #igfood, #sgfoodporn, #singaporefood, #sgfooddiary"
36,https://www.instagram.com/p/CYoPAKfv05v/,"#sgfoodies, #sgfood, #sgeats, #burpplesg, #instafoodsg, #jiaksimipng, #jiaklocal, #hawkerfoodsg, #sgfoodtrend, #globaleats, #thefoodieinitiative, #foodiesinternationalchat, #sgfoodblogger, #foodiesg, #foodsg, #singaporefood, #singaporefoodie, #eatbooksg, #8dayseat, #sgfoodhunt, #sgigfood, #hawkerculturesg, #eatoutsg, #geylang, #wantonmee, #koungwantonmee"
37,https://www.instagram.com/p/CVXDC4OPqw1/,"#instafoodsg, #instafood, #locateats, #localjiak, #sgeats, #sgfoodie, #foodiesg, #sgfood, #hawkerculturesg, #hawkerfoodsg, #hawkerfood, #sghawkerfood, #fooddiarysg, #localdelights, #supportlocalsg, #fruitsrojak, #staypositiveüíØ, #stayhomestaysafeüè†"
38,https://www.instagram.com/p/CPYEMNZlw6z/,#gracefulleeJurongEast
39,https://www.instagram.com/p/CSPAhMkFUbX/,
40,https://www.instagram.com/p/CNxXxHOh4Q3/,"#prawnomelette, #coconut, #freshcoconut, #hawkerculture, #hawkerculturesg, #hawkerfood, #hawkerfoodsg, #maxwellfoodcentre, #unescointangibleculturalheritage"
41,https://www.instagram.com/p/CZemNBhPixq/,"#mural, #muralart, #wallart, #artiseverywhere, #projectdignity, #hawkerculturesg, #streetphotography, #boonkeng, #Â£Å„Ç¢„Éº„Éà, #Â£Å„Ç¢„Éº„ÉàÊé¢„Åó, #„Ç∑„É≥„Ç¨„Éù„Éº„É´Êï£Ê≠©"
42,https://www.instagram.com/p/COPr33PHdOp/,"#meehoonkueh, #handmade, #meatball, #chickenball, #onsenegg, #kkitchensg, #ÊâãÂ∑•Èù¢Á≤âÁ≤ø, #hawkerheritage, #comfortfood, #hawkerculturesg"
43,https://www.instagram.com/p/CTlfbv-nyVg/,"#01-36,, #DCfoodjournal, #sengkeemushroommincedmeatnoodle, #serangoongardenfoodcentre, #bakchormee, #hawker, #hawkerfood, #hawkercentre, #sghawker, #hawkerfoodsg, #hawkersg, #sghawkerfood, #hawkerculture, #hawkerculturesg, #sgfood, #sgfoodies, #sgfoodie, #sgeats, #sgfoodtrend, #sgfoodblogger, #burpple, #sgfoodporn, #singaporefood, #sgfooddiary"
44,https://www.instagram.com/p/CUU9le2vg1g/,"#movingplates, #brandcodes, #lino, #linocutprint, #linocut, #linoprint, #linoleumprint, #linocutting, #linoprinting, #print, #prints, #printmaking, #printstudio, #printmaker, #printmakingart, #printmakingstudio, #awagami, #awagamipaper, #cranfieldcolours, #ironfrogpress, #singapore, #singaporefood, #hawkerfood, #hawkerfoodsg, #hawkerculturesg"
45,https://www.instagram.com/p/CYC7ja_v4hA/,
46,https://www.instagram.com/p/CUVG_9pvSfz/,"#movingplates, #brandcodes"
47,https://www.instagram.com/p/CZVgqY1Po3i/,"#hawkerculturesg, #singaporefood"
48,https://www.instagram.com/p/COh3kkopjKx/,"#peranakan, #peranakancuisine, #peranakanfood, #hawkerculture, #hawkerculturesg, #hawkerfood, #hawkercentre, #hawkerlegacy, #sghawkerculture, #localculture, #localpeople, #localfood, #localeats, #unpretentious"
49,https://www.instagram.com/p/CZWSsk4rtB1/,#hawkerculturesg
50,https://www.instagram.com/p/CNTp8IqHOjT/,"#coffeenation, #sgcoffee, #coffeeshopsg, #sgcoffeeshop, #igsgdrinks, #drinksreviewsg, #ilovecoffee, #yuanyang, #coffeeandtea, #hawkerculturesg, #naise, #kopiculture, #takeaway, #dabao"
51,https://www.instagram.com/p/CTlCK_pPDcy/,"#sgfood, #sgeats, #sgfoodie, #sgfoodtrend, #sgfoodpic, #explore_singapore, #supportlocal, #burpplesg, #instafoodsg, #hawkerculturesg, #hokkienmee"
52,https://www.instagram.com/p/CUPV4H4vHl1/,"#lino, #linocutprint, #linocut, #linoprint, #linoleumprint, #linocutting, #linoprinting, #print, #prints, #printmaking, #printstudio, #printmaker, #printmakingart, #printmakingstudio, #awagami, #awagamipaper, #cranfieldcolours, #ironfrogpress, #singapore, #singaporefood, #hawkerfood, #hawkerfoodsg, #hawkerculturesg"
53,https://www.instagram.com/p/CS5cSE2hoav/,"#lino, #linocutprint, #linocut, #linoprint, #linoleumprint, #linocutting, #linoprinting, #print, #prints, #printmaking, #printstudio, #printmaker, #printmakingart, #printmakingstudio, #singapore, #singaporefood, #hawkerfood, #hawkerfoodsg, #hawkerculturesg, #sghawkerfood, #sghawkerculture, #sghawkers"
54,https://www.instagram.com/p/CNzneH7Fvhd/,"#YouFuHokkienMeeSG, #SgHawkerFood, #HawkerCultureSG, #GoldenMileFoodCentre, #BenEatsApr2021"
55,https://www.instagram.com/p/CYk39XsO78T/,"#instafoodsg, #instafood, #locateats, #localjiak, #sgeats, #sgfoodie, #foodiesg, #sgfood, #hawkerculturesg, #hawkerfoodsg, #hawkerfood, #sghawkerfood, #localdelights, #supportlocalsg, #eatsg, #fooddiarysg"
56,https://www.instagram.com/p/CJBmWs7nFkA/,"#instasg, #instasgsunday10pm, #instasgSundayOurHawkers, #ourhawkerculture, #foodies, #friedchickenwings, #hawkers, #thankyouhawkers, #friedchickenwings, #whatmakesSG, #hawkerfood, #exploreSG, #yoursingapore, #friedchicken, #hawkerCultureSG, #singapore, #yoursingapore, #singaporetimes, #thisissingapore, #iluvsg, #whatissingapore, #tedsingapore, #chickenrice, #hainanesechickenrice, #instafoodie, #foodiegram, #foodstagram, #foodporn, #sgfoodporn, #communityfirst, #singaporefood"
57,https://www.instagram.com/p/CNUjRsJnIAF/,"#instafoodsg, #instafood, #locateats, #sglocaleats, #sgeats, #localjiak, #sgfoodie, #foodiesg, #sgfood, #comfortfood, #hawkerfood, #hawkerculturesg, #hawkerfoodsg, #yummydinner, #lifangcongee, #kinexmallsg"
58,https://www.instagram.com/p/CUWbFVwPNWr/,"#02-107,, #DCfoodjournal, #madroaster, #kopiandtoast, #hawker, #hawkerfood, #hawkercentre, #sghawker, #hawkerfoodsg, #hawkersg, #sghawkerfood, #hawkerculture, #hawkerculturesg, #sgfood, #sgfoodies, #sgfoodie, #sgeats, #sgfoodtrend, #sgfoodblogger, #burpple, #sgfoodporn, #singaporefood, #sgfooddiary"
59,https://www.instagram.com/p/CVpGVBePffX/,"#instafoodsg, #instafood, #locateats, #localjiak, #sgeats, #sgfoodie, #foodiesg, #sgfood, #hawkerculturesg, #hawkerfoodsg, #hawkerfood, #sghawkerfood, #localdelights, #supportlocalsg, #lunch, #fooddiarysg, #nasilemak, #meesiam, #laksa, #changicitypoint_sg"
60,https://www.instagram.com/p/COk2h6LLK2h/,"#sgfood, #sgeats, #sgfoodie, #sgfoodtrend, #whati8today, #sgfoodpic, #explore_singapore, #singapore, #supportlocal, #city_noms, #burpplesg, #instafoodsg, #hawkerculturesg, #bbqseafood, #satay"
61,https://www.instagram.com/p/CYRChwmPPTZ/,"#lino, #linoleumprint, #linocutting, #linoprinting, #print, #prints, #printmaking, #printstudio, #printmaker, #printmakingart, #printmakingstudio, #singapore, #singaporefood, #hawkerfood, #hawkerfoodsg, #hawkerculturesg, #pngkueh"
62,https://www.instagram.com/p/CXKcmopPwU3/,"#lino, #linoleumprint, #linocutting, #linoprinting, #print, #prints, #printmaking, #printstudio, #printmaker, #printmakingart, #printmakingstudio, #awagami, #awagamipaper, #cranfieldcolours, #ironfrogpress, #singapore, #singaporefood, #hawkerfood, #hawkerfoodsg, #hawkerculturesg, #durian"
63,https://www.instagram.com/p/CZOOrJ3Pu4V/,"#sgfoodies, #sgfood, #sgeats, #burpplesg, #instafoodsg, #jiaklocal, #hawkerfoodsg, #sgfoodtrend, #globaleats, #thefoodieinitiative, #foodiesinternationalchat, #sgfoodblogger, #foodiesg, #foodsg, #singaporefood, #singaporefoodie, #eatbooksg, #8dayseat, #sgfoodhunt, #sgigfood, #hawkerculturesg, #eatoutsg, #goldenmilefoodcentre, #charkwayteow"
64,https://www.instagram.com/p/CZBII4kv6jq/,"#satay, #Êò•ËÅî, #Ê≤ôÁàπ, #ÊØõÁ¨î, #Á∫¢Á∫∏, #Ê•∑‰π¶, #Â∞èË¥©, #‰∏ÄÂæóÈòÅ, #‰∏ÄÂæóÈòÅÂ¢®Ê±Å, #hawkerfood, #hawkerculture, #hawkerculturesg, #ourhawkerculture"
65,https://www.instagram.com/p/CYJdWpxP2Y_/,"#B4-66,, #singaporefood, #foodphotography, #sgfoodblogger, #sgeats, #sgfoodiary, #sgfoodpic, #instafoodsg, #sgfoodie, #supportlocal, #sghawkerfood, #hawker, #localfood, #ion, #foodie, #local, #uniquelysg, #sgfood, #hawkerculturesg, #hokkienmee"
66,https://www.instagram.com/p/COqFSMBnNVz/,
67,https://www.instagram.com/p/CRtGxzPn6J2/,"#lino, #linocutprint, #linocut, #linoprint, #linoleumprint, #linocutting, #linoprinting, #print, #prints, #printmaking, #printstudio, #printmaker, #printmakingart, #printmakingstudio, #singapore, #singaporefood, #hawkerfood, #hawkerfoodsg, #hawkerculturesg, #sghawkerfood, #sghawkerculture, #sghawkers"
68,https://www.instagram.com/p/COhRDuCnyvH/,"#wenkangji, #goldenmilefoodcentre, #goldenmile, #wontonmee, #wantonmee, #wontonnoodles, #wantonnoodles, #bujiantiancharsiew, #sgfood, #sgfoodies, #sgfoodstagram, #sgfoodie, #sgfooddiary, #sgfoodlover, #eatsg, #hawkerfood, #hawkerfoodsg, #hawkerculturesg"
69,https://www.instagram.com/p/CRvGSGWHc7P/,"#queenstown, #queenstownfood, #sghawker, #supportlocal, #supporthawkers, #abcbrickworksmarket, #abcmarket, #abcbrickworksfoodcentre, #hawkerfoodsg, #hawkerculturesg"
70,https://www.instagram.com/p/CW5Km3rAqON/,"#wakerchickensg, #wakerchicken, #supportlocalsg, #supporthawker, #hawkersofsg, #hawkersofsingapore, #koreanfriedchicken, #hawkerculturesg, #hawkerfood, #sgfoodies, #sgfood"
71,https://www.instagram.com/p/CO2zkXVnDNw/,"#LokLokKing, #LokLokKingSg, #sgffxhawkerpicks, #sgig, #instasg, #whatissingapore, #loklok, #sgloklok, #streetfoodsg, #malaysiastreetfood, #hawkerfood, #sghawkerfood, #HawkercultureSg, #ourhawkerculture, #Singaporeinsiders, #shiokfoodfind, #stfoodtrending, #burpplesg, #sgeats, #sgfoodie, #eatoutsg, #foodiegram, #sgfoodies, #foodgasm, #mooping, #fooddeliverysg, #sgfoodstagram, #whati8today"
72,https://www.instagram.com/p/CN3cZLqJG9_/,"#sginstagram, #igsg, #toyinstagra, #Áé©ÂÖ∑ÊîùÂΩ±, #cameraeatsfirst, #Áõ∏Ê©üÂÖàÈ£ü, #sgfoodstagram, #exploresingaporeeat, #instagramsg, #sgigers, #supporthawker, #singaporeinsiders, #sgfoodunion, #ourhawkerculture, #hawkerfoodsg, #hawkerfood, #hawkerculturesg, #bakchormee, #hillstreettaihwaporknoodle, #michelinguide, #michelinsg, #hawkerculturesg, #localdelicacy, #sgfooddiary, #sgigfood, #foodiesofinstagram, #foodstamping, #8dayseatout, #xhhawker, #„Çπ„ÉÜ„Ç£„ÉÉ„ÉÅ, #ÊòüÈöõÂØ∂Ë≤ù"
73,https://www.instagram.com/p/CUWcV6jvAGo/,"#01-33,, #DCfoodjournal, #kolomee, #hawker, #hawkerfood, #hawkercentre, #sghawker, #hawkerfoodsg, #hawkersg, #sghawkerfood, #hawkerculture, #hawkerculturesg, #sgfood, #sgfoodies, #foodie, #sgfoodie, #sgeats, #sgfoodtrend, #sgfoodblogger, #burpple, #sgfoodporn, #singaporefood, #sgfooddiary"
74,https://www.instagram.com/p/CT1s88YBD2i/,"#01-53,, #DCfoodjournal, #westernbarbeque, #oldairportroadfoodcentre, #hawker, #hawkerfood, #hawkercentre, #sghawker, #hawkerfoodsg, #hawkersg, #sghawkerfood, #hawkerculture, #hawkerculturesg, #sgfood, #sgfoodies, #sgfoodie, #sgeats, #sgfoodtrend, #sgfoodblogger, #burpple, #sgfoodporn, #singaporefood, #sgfooddiary"
75,https://www.instagram.com/p/CXQPzOMvjjp/,"#instafoodsg, #instafood, #locateats, #sgeats, #localjiak, #sglocaleats, #sgfoodies, #sgfood, #eatsg, #fooddiarysg, #hawkerfood, #sghawkerfood, #hawkerculturesg, #hawkerfoodsg, #whatieatforlunch, #taiwanesefood, #yummy"
76,https://www.instagram.com/p/CUD_w_PhdwB/,"#hawkercenter, #hawkerculturesg"
77,https://www.instagram.com/p/CT9QHg4ltlz/,"#foodstagram, #foodporn, #food, #sgfood, #sgfoodies, #sgcafe, #whati8today, #hawkerfood, #sgrestaurant, #sgfoodies, #sgfooddiary, #sgfoodhunt, #sgfoodblogger, #chinesefood, #chinese, #zichar, #zicharfood, #hawker, #hawkerfoodsg, #pasirris, #prawns, #Seafood, #prawnnoodles, #porridge, #Congress, #seafoodcongee, #supportsmallbusiness, #hawkerculture, #hawkerculturesg, #singaporefood, #sginfluencer"
78,https://www.instagram.com/p/CQBSRwmrwnw/,Error
79,https://www.instagram.com/p/CODQ7ZNJ2Bt/,"#denial, #satay, #sugarcanejuice, #hawkerlegacy, #hawkercentre, #hawkerfood, #hawkerculturesg, #hawkerculture, #travel2021, #traveldiary, #travelathome, #touristinhomecountry, #food, #localfood, #localeats, #localculture, #airportfood"
80,https://www.instagram.com/p/CZVVxorBKWe/,"#jurongpoint, #singaporefood, #hawkerculturesg"
81,https://www.instagram.com/p/CNNKGw1najS/,"#chinhogaixiao, #chinhojiak, #ÁîÑÂ•ΩÂêÉ, #ÁîÑÂ•Ω‰ªãÁªç, #supporthawker, #supportlocal, #hawkerfoodsg, #hawkerfood, #hawkersg, #hawkerculturesg, #hawkercentre, #hawker, #hawkerculture, #ourhawkerculture, #singaporefood, #singaporefoodie, #singaporehawkerfood, #sgfoodie, #sgfood, #sghawker, #sghawkerculture, #singaporefoodculture, #tebangardens, #tebangardensfoodcentre, #prawnmee, #prawnmeesoup"
82,https://www.instagram.com/p/CPKP4p4Hguf/,#hawkerculturesg
83,https://www.instagram.com/p/CTgJmaaBPxp/,"#01-01,, #DCfoodjournal, #sinhoehuatcafe, #sembawanghillsfoodcentre, #kopiandtoast, #hawker, #hawkerfood, #hawkercentre, #sghawker, #hawkerfoodsg, #hawkersg, #sghawkerfood, #hawkerculture, #hawkerculturesg, #sgfood, #sgfoodies, #foodie, #sgfoodie, #sgeats, #sgfoodtrend, #sgfoodblogger, #burpple, #sgfoodporn, #singaporefood, #sgfooddiary"
84,https://www.instagram.com/p/CN3dtlbBO5d/,"#sginstagram, #igsg, #toyinstagra, #Áé©ÂÖ∑ÊîùÂΩ±, #cameraeatsfirst, #Áõ∏Ê©üÂÖàÈ£ü, #exploresingaporeeat, #instagramsg, #sgigers, #supporthawker, #singaporeinsiders, #sgfoodunion, #ourhawkerculture, #hawkerfoodsg, #hawkerculturesg, #bakchormee, #hillstreettaihwaporknoodle, #michelinguide, #michelinsg, #Á±≥ÂÖ∂Êûó‰∏ÄÊòü, #sgfooddiary, #sgigfood, #foodiesofinstagram, #foodstamping, #8dayseatout, #xpphawker"
85,https://www.instagram.com/p/CV4oHXfqvry/,"#instafoodsg, #instafood, #locateats, #sgeats, #localjiak, #sgfoodie, #foodiesg, #sgfood, #comfortfood, #hawkerfood, #hawkerculturesg, #hawkerfoodsg, #kayabuttertoast, #softboiledeggs, #limkopi, #oldschooltaste, #breakfast"
86,https://www.instagram.com/p/CVXASM7vtIP/,"#hawkersinwatercolours, #hawkerculturesg, #sghawkers, #nasilemakayam, #changivillagehawkercentre, #watercolour, #watercoloursketch, #urbansketcher, #travelsketchers"
87,https://www.instagram.com/p/CWnNh9ev5AZ/,"#instafoodsg, #instafood, #locateats, #sgeats, #localjiak, #sgfoodie, #foodiesg, #sgfood, #eatsg, #fooddiarysg, #hawkerfood, #sghawkerfood, #hawkerculturesg, #hawkerfoodsg, #whatieatforlunch, #localdelights, #supportlocalsg, #laksa, #otah, #janggutlaksa, #yummy"
88,https://www.instagram.com/p/CT_dq0ePamh/,"#michiamkueh, #peanutpancake, #saltedbeanpancake, #hawkerfood, #hawkerfoodsg, #sghawkerfood, #hawkerculture, #hawkerculturesg, #sghawkerculture, #ourhawkerculture, #tanglinhaltfoodcentre, #sgheritage, #sgheritagefood, #tanglinhalttraditionalpeanutpancake"
89,https://www.instagram.com/p/COPOmXgndFb/,"#livelife, #livelifetothefullest, #curious, #singaporefood, #singaporefoodie, #foodporn, #exploration, #lifeblog, #lifeblogger, #grateful, #foodcoma, #lifestories, #grateful, #hawkerfood, #hawkerculture, #hawkerculturesg, #noodles"
90,https://www.instagram.com/p/CQoMv8hH54K/,"#wheretodapao, #sgfood, #wheretodapao, #livetoeat, #food, #hawkerfoodsg, #yapkeewantonmee, #wantonmee, #hawkerfood, #sghawker, #hawkerculture, #hawkerfoodsg, #hawkerculturesg, #sgfoodies, #sgfoodporn, #eatoutsg, #singaporefood, #singaporefoodie, #instafood, #foodie, #foodstagram, #foodgasm, #eatingfortheinsta, #eatbooksg"
91,https://www.instagram.com/p/CUrL80EBPuL/,"#instafoodsg, #instafood, #locateats, #sgeats, #localjiak, #sgfoodie, #foodiesg, #sgfood, #eatsg, #fooddiarysg, #hawkerfood, #sghawkerfood, #hawkerculturesg, #wantonmee, #yummy"
92,https://www.instagram.com/p/CTdmgYVB7rX/,"#lino, #linocutprint, #linocut, #linoprint, #linoleumprint, #linocutting, #linoprinting, #print, #prints, #printmaking, #printstudio, #printmaker, #printmakingart, #printmakingstudio, #singapore, #singaporefood, #hawkerfood, #hawkerfoodsg, #hawkerculturesg, #sghawkerfood, #sghawkerculture, #sghawkers"
93,https://www.instagram.com/p/CI5EguMHETW/,"#OurHawkerCulture, #WhatMakesSG, #HawkerFood, #ExploreSG, #YourSingapore, #HawkerCultureSG, #HawkerCenter, #singapore, #yoursingapore, #natgeoasia, #singaporean"
94,https://www.instagram.com/p/CWcNaL7Pf5k/,Error
95,https://www.instagram.com/p/CR_hLSInrqL/,"#Â≠óËø∞‰∏ÄÂπ¥, #Â≠óËø∞‰∏ÄÂπ¥2021, #raw_snap_morning, #citygrammers, #travelgram, #beautifuldestinations, #instasg, #sgig, #iluvsg, #instagood10, #killeverygram, #singapore, #sghome, #whatissingapore, #thisissingapore, #visitsingapore, #singaporelife, #singaporetimes, #portraitphotography, #coffeeaddict, #oldschool, #rediscoversg, #raw_community, #supportlocalsg, #supportsmallbusiness, #snapwithcanon, #supportlocal, #safrasg, #instagram, #HawkerCultureSG"
96,https://www.instagram.com/p/CTjzSKXHgTQ/,"#Á∫ΩÈ°øÁÜüÈ£ü‰∏≠ÂøÉ, #ËÇâËÑûÈù¢, #ÁÉ§Ëôæ, #È¶ãÂò¥ÂèåÂÖî, #ÂêÉË¥ßÊúÄÊ£í, #Ë∂äÊù•Ë∂äÂÆÖ, #ÂèåËØ≠ÁæéÈ£üÂ∫ì, #Êñ∞Âä†Âù°ÂèåËØ≠ÁæéÈ£üÂ∫ì, #Êñ∞Âä†Âù°ÁæéÈ£ü, #Á∫ΩÈ°ø, #Á∫ΩÈ°øÁÜüÈ£ü‰∏≠ÂøÉ, #hawkerculturesg, #livetoeat, #SingaporeFoodie, #whatlingeats, #neighbourhoodsg, #eatatNewton, #NewtonFood, #NewtonCircus, #hawkerFavourite, #hawkersg, #BCM, #BBQ"
97,https://www.instagram.com/p/CU1vfSyvwCH/,"#instafoodsg, #instafood, #locateats, #sgeats, #sgfoodie, #foodiesg, #sgfood, #localjiak, #eatsg, #fooddiarysg, #hawkerfood, #sghawkerfood, #hawkerculturesg, #taiwanesefood, #eat3bowlssg, #yummy, #luruofan, #bubbletea"
98,https://www.instagram.com/p/CO686ZgHh9Y/,"#chinhogaixiao, #chinhojiak, #ÁîÑÂ•ΩÂêÉ, #ÁîÑÂ•Ω‰ªãÁªç, #supporthawker, #supportlocal, #hawkerfoodsg, #hawkerfood, #hawkersg, #hawkerculturesg, #hawkercentre, #hawker, #hawkerculture, #ourhawkerculture, #singaporefood, #singaporefoodie, #singaporehawkerfood, #sgfoodie, #sgfood, #sghawker, #sghawkerculture, #singaporefoodculture, #ramen, #yuzu"
99,https://www.instagram.com/p/CTyRKCWhCze/,"#01-17, #DCfoodjournal, #angmokiolohmeelaksa, #lormee, #lormeesg, #hawker, #hawkerfood, #hawkercentre, #sghawker, #hawkerfoodsg, #hawkersg, #sghawkerfood, #hawkerculture, #hawkerculturesg, #sgfood, #sgfoodies, #sgfoodie, #sgeats, #sgfoodtrend, #sgfoodblogger, #burpple, #sgfoodporn, #singaporefood, #sgfooddiary"
100,https://www.instagram.com/p/CNh5ETeHlMq/,"#ÿ≥ŸÜÿ∫ÿßŸÅŸàÿ±ÿ©, #ÿ≤Ÿàÿ±Ÿàÿß_ÿ≥ŸÜÿ∫ÿßŸÅŸàÿ±ÿ©, #VisitSingapore."
101,https://www.instagram.com/p/COSnt1Cn2gf/,"#nasilemakayamtaliwang, #nasilemakayamtaliwangsg#halalfoodie#halalfoodiesg#halalfood#hawkercentresg#hawkerculturesg, #bestnasilemaksg, #bestnasilemakintown#worththewait"
102,https://www.instagram.com/p/CZWCcGgLz95/,"#hawkercenter, #hawkerculturesg, #singaporefood"
103,https://www.instagram.com/p/CSbbr1yHPMC/,"#nomsh, #artablyinlove, #hawkerculturesg, #llama"
104,https://www.instagram.com/p/COhImdGnnTv/,"#sghawkerfood, #hawkerculturesg, #sgfood, #foodiesg, #sgfoodie, #globaleats, #localfoodsg, #byosingapore, #sgfoodiegram, #ibringmyownsg, #byocontainer, #byoc, #sgfood, #sgfoodlover, #instafood, #lunchtimesg, #foodies, #popiah, #singaporefood, #igsg, #instafood, #igdaily, #ecofriendly, #reusablenotdisposable, #nosingleuseplastic, #whati8today, #foodsg, #sustainablesg, #foodporn, #foodreviewssg, #byosg"
105,https://www.instagram.com/p/CO0BDM7h13U/,#hawkerculturesg
106,https://www.instagram.com/p/CZIwKPvv336/,"#sgfoodstagram, #sgfoodiegram, #sgfoodies, #sgfoodie, #sgfoodporn, #sgfood, #sgfoodlover, #sgfoodblogger, #sgfooddiary, #sgigfoodies, #sgigfoodporn, #foodlover, #sgfoodlover, #sghawkerfood, #hawkerculturesg, #supportlocal, #sgtastebud, #sgfoodphotography, #sginfluencer, #instadaily, #sgig, #igsg, #supportlocalsg, #supportlocalbusiness, #mediainvite, #whati8today, #eatbooksg, #sgfoodtrend, #foodvibes, #discoverunder10k."
107,https://www.instagram.com/p/CUzxjiVhh-1/,"#hawkerculturesg, #singaporefood, #singapore, #chaitaokueh, #coffeeshop, #singaporeculture, #urbanphotography, #foodstall, #hawkerstall"
108,https://www.instagram.com/p/CZTMsNGv9Jo/,"#lino, #linoleumprint, #linocutting, #linoprinting, #print, #prints, #printmaking, #printstudio, #printmaker, #printmakingart, #printmakingstudio, #awagami, #awagamipaper, #cranfieldcolours, #ironfrogpress, #singapore, #singaporefood, #hawkerfood, #hawkerfoodsg, #hawkerculturesg, #pngkueh"
109,https://www.instagram.com/p/CZVpnpmF3Qv/,"#singaporefood, #hawkerculturesg"
110,https://www.instagram.com/p/COFM2nVHnla/,"#instafoodsg, #instafood, #locateats, #sgeats, #localjiak, #sgfoodie, #foodiesg, #sgfood, #hawkerculturesg, #hawkerfoodsg, #hawkerfood, #sghawkerfood, #chickencutlet, #yummy"
111,https://www.instagram.com/p/CSyc8GenSZr/,"#01-101,, #DCfoodjournal, #victorfamousfriedchickenwingrice, #chickenrice, #hawker, #hawkerfood, #hawkercentre, #sghawker, #hawkerfoodsg, #hawkersg, #sghawkerfood, #hawkerculture, #hawkerculturesg, #sgfood, #sgfoodies, #foodie, #sgfoodie, #sgeats, #sgfoodtrend, #sgfoodblogger, #burpple, #sgfoodporn, #singaporefood, #sgfooddiary"
112,https://www.instagram.com/p/CW4vls2v6aw/,"#instafoodsg, #instafood, #locateats, #sgeats, #sgfoodie, #foodiesg, #sgfood, #comfortfood, #hawkerfood, #hawkerculturesg, #hawkerfoodsg, #whatieatforlunch, #localdelights, #supportlocalsg, #seafoodhorfun, #foodsg, #singaporefood, #fooddiarysg, #eatoutsg, #sghawkerfood"
113,https://www.instagram.com/p/COPr3ctHRAu/,"#meehoonkueh, #handmade, #meatball, #chickenball, #onsenegg, #kkitchensg, #ÊâãÂ∑•Èù¢Á≤âÁ≤ø, #hawkerheritage, #comfortfood, #hawkerculturesg"
114,https://www.instagram.com/p/COH3DbQM02m/,"#iphonexs, #iphonephotography, #shootoniphone, #natgeoyourshot, #natgeomyshot, #streetphotography, #streetshooting, #hawkercentre, #hawkersg, #hawkerculturesg, #hawkerculture"
115,https://www.instagram.com/p/CPGGN4kHUw9/,"#whatissingapore, #thisissingapore, #peopleofsingapore, #singaporelife, #singaporestreetphotography, #streetphotography, #everydayasia, #chinatown, #hawkerculturesg, #wetmarket, #womeninstreet, #womeninstreetsg, #femalephotographers, #singaporestreetphotography, #friendsinstreets, #streetphotography, #streetphotographytribe, #streethunters, #sgstreetcollective, #sg_street_collective, #moments_in_streetlife, #life_is_street, #capturestreets, #moments_in_streetlife, #wearethestreets, #fromstreetswithlove, #streetstorytelling, #streetphotographer, #womenstreetphotographers, #xt3, #fujifilm"
116,https://www.instagram.com/p/CTd2TRynn4G/,"#01-02,, #DCfoodjournal, #kolomee, #hawker, #hawkerfood, #hawkercentre, #sghawker, #hawkerfoodsg, #hawkersg, #sghawkerfood, #hawkerculture, #hawkerculturesg, #sgfood, #sgfoodies, #foodie, #sgfoodie, #sgeats, #sgfoodtrend, #sgfoodblogger, #burpple, #sgfoodporn, #singaporefood, #sgfooddiary"
117,https://www.instagram.com/p/CVCI0QeNxCH/,"#singaporefoodscene, #localfare, #supportlocalsg, #healthyliving, #sghawker, #foodies, #singaporefood, #sgfood, #sgfoodies, #sgeats, #igsg, #covidtakeaway, #unescohawkerculture, #dapaoculture, #ricebowl, #healthyeating, #burpple, #cheapeats, #visitsingapore, #shiok, #instafood, #foodstagram, #foodie, #sgfoodie, #yummydeals, #8dayseat, #eatyourvegetables, #hawkerculturesg, #hawkerculture"
118,https://www.instagram.com/p/CX-UuqHvhPq/,"#yearendthanks, #hawkersinwatercolours, #urbansketching, #travelsketching, #watercolorsketchbook, #hawkerculturesg, #sghawkerculture"
119,https://www.instagram.com/p/CZUMbhlpcZr/,"#glutenfreesg, #vegansg, #vegetariansg, #dessertsg, #ondehondehcake, #localbusiness, #hawkerculturesg, #dessertsg, #agaragar, #agarcakesingapore, #nokonnyaku, #nokonjac, #beoriginal, #beextraordinary, #besurprised"
120,https://www.instagram.com/p/CSKKSCShu1F/,"#sgigfood, #sgigfoodies, #carrotcake, #simple, #ËèúÂ§¥Á≤ø, #eggy, #fullofflavours, #wokhei, #sgfoodblogger, #sgfoodtrend, #sgfoodporn, #hawkersg, #supporthawkersg, #sgfoodies, #igsgfood, #igsgfoodies, #p2ha, #ËõãÈ¶ôÂë≥, #Â•ΩÂêÉ, #hawkerfood, #foodstagram, #whati8today, #foodtrend, #instafood_sg, #hawkerculturesg"
121,https://www.instagram.com/p/CZZhevkp3Ir/,"#glutenfreesg, #vegansg, #vegetariansg, #dessertsg, #ondehondehcake, #localbusiness, #hawkerculturesg, #dessertsg, #agaragar, #agarcakesingapore, #nokonnyaku, #nokonjac, #beoriginal, #beextraordinary, #besurprised"
122,https://www.instagram.com/p/CSlthtnHdim/,"#01-93,, #DCfoodjournal, #oneprawnnoodle, #prawnnoodle, #prawnnoodles, #goldenmilefoodcentre, #hawker, #hawkerfood, #hawkercentre, #sghawker, #hawkerfoodsg, #hawkersg, #sghawkerfood, #hawkerculture, #hawkerculturesg, #sgfood, #sgfoodies, #instafood, #foodstagram, #foodie, #sgfoodie, #sgeats, #foodphotography, #sgfoodtrend, #sgfoodblogger, #burpple, #igfood, #sgfoodporn, #singaporefood, #sgfooddiary"
123,https://www.instagram.com/p/CS_jLKrHjYT/,"#DCfoodjournal, #laozhongzhong, #ngohhiang, #wuxiang, #hawker, #hawkerfood, #hawkercentre, #sghawker, #hawkerfoodsg, #hawkersg, #sghawkerfood, #hawkerculture, #hawkerculturesg, #sgfood, #sgfoodies, #foodie, #sgfoodie, #sgeats, #sgfoodtrend, #sgfoodblogger, #burpple, #sgfoodporn, #singaporefood, #sgfooddiary"
124,https://www.instagram.com/p/CORzJoonjwD/,"#instafoodsg, #instafood, #locateats, #sgeats, #localjiak, #sgfoodie, #foodiesg, #sgfood, #hawkerculturesg, #hawkerfoodsg, #hawkerfood, #sghawkerfood, #claypotcurrychicken, #lunch, #yummy"
125,https://www.instagram.com/p/CPCqMUiLC8X/,"#sengkeebakkutteh, #sengkee, #ÊàêË®òËÇâÈ™®Ëå∂, #ÊΩÆÂ∑ûÁæéÈ£ü, #teochew, #bakkutteh, #ËÇâÈ™®Ëå∂, #angmokio, #singapore, #singaporefood, #hawkerculturesg, #hawkerfood, #cat, #catlovers, #catdrawing, #foodillustration, #foodrecommendation, #foodexplorer, #cartoon, #foodpassion, #singaporeteochewfood, #drawingpassion, #foods, #yummypigtrotter, #chongboonmarket, #positive, #love"
126,https://www.instagram.com/p/CQ3dFmSlDju/,"#foodstagram, #foodporn, #food, #sgfood, #sgfoodies, #sgcafe, #whati8today, #hawkerfood, #sgrestaurant, #sgfoodies, #sgfooddiary, #sgfoodhunt, #sgfoodblogger, #chinesefood, #chinese, #zichar, #zicharfood, #hawker, #hawkerfoodsg, #covid, #phase2, #curryrice, #curry, #supportsmallbusiness, #hawkerculture, #hawkerculturesg, #foodiesg, #supportlocal, #hainanesecurryrice, #hawkerfood, #jalanbesar, #scissorscutcurryrice"
127,https://www.instagram.com/p/CXAUZIRvyHZ/,"#pngkueh, #lino, #linocutprint, #linocut, #linoprint, #linoleumprint, #linocutting, #linoprinting, #print, #prints, #printmaking, #printstudio, #printmaker, #printmakingart, #printmakingstudio, #singapore, #singaporefood, #hawkerfood, #hawkerfoodsg, #hawkerculturesg, #sghawkerfood, #sghawkerculture, #sghawkers"
128,https://www.instagram.com/p/CWdHE5CvsGx/,"#lino, #linocutprint, #linocut, #linoprint, #linoleumprint, #linocutting, #linoprinting, #print, #prints, #printmaking, #printstudio, #printmaker, #printmakingart, #printmakingstudio, #singapore, #singaporefood, #hawkerfood, #hawkerfoodsg, #hawkerculturesg, #sghawkerfood, #sghawkerculture, #sghawkers, #durian"
129,https://www.instagram.com/p/CQleturnfvU/,"#wheretodapao, #sgfood, #wheretodapao, #livetoeat, #food, #hawkerfoodsg, #yapkeewantonmee, #wantonmee, #hawkerfood, #sghawker, #hawkerculture, #hawkerfoodsg, #hawkerculturesg, #sgfoodies, #sgfoodporn, #eatoutsg, #singaporefood, #singaporefoodie, #instafood, #foodie, #foodstagram, #foodgasm, #eatingfortheinsta, #eatbooksg"
130,https://www.instagram.com/p/CQQZoVon0Fy/,"#instafoodsg, #instafood, #instafoodsg, #locateats, #sgeats, #localjiak, #sgfoodie, #foodiesg, #sgfood, #hawkerculturesg, #hawkerfoodsg, #hawkerfood, #sghawkerfood, #westernfood, #lunch, #worththecalories, #yummy"
131,https://www.instagram.com/p/CZZh1z9pLkB/,"#glutenfreesg, #vegansg, #vegetariansg, #dessertsg, #ondehondehcake, #localbusiness, #hawkerculturesg, #dessertsg, #agaragar, #agarcakesingapore, #nokonnyaku, #nokonjac, #beoriginal, #beextraordinary, #besurprised"
132,https://www.instagram.com/p/CU1n7sHBk8w/,"#hawkerculture#hawkerculturesg, #hawkerfood#hawkerfoodsg#hawkercentre, #oneprawnnoodle#‰∏ÄËôüËù¶È∫µ"
133,https://www.instagram.com/p/CU8_NuGNxyv/,"#singaporefoodscene, #localfare, #supportlocalsg, #healthyliving, #sghawker, #foodies, #singaporefood, #sgfood, #sgfoodies, #sgeats, #igsg, #covidtakeaway, #unescohawkerculture, #dapaoculture, #ricebowl, #healthyeating, #burpple, #cheapeats, #visitsingapore, #shiok, #instafood, #foodstagram, #foodie, #sgfoodie, #yummydeals, #8dayseat, #eatyourvegetables, #hawkerculturesg, #hawkerculture"
134,https://www.instagram.com/p/CO0LHupH9AR/,"#chinhogaixiao, #chinhojiak, #ÁîÑÂ•ΩÂêÉ, #ÁîÑÂ•Ω‰ªãÁªç, #supporthawker, #supportlocal, #hawkerfoodsg, #hawkerfood, #hawkersg, #hawkerculturesg, #hawkercentre, #hawker, #hawkerculture, #ourhawkerculture, #singaporefood, #singaporefoodie, #singaporehawkerfood, #sgfoodie, #sgfood, #sghawker, #sghawkerculture, #singaporefoodculture, #wemissjapan, #japan, #yakiniku, #geylangfood"
135,https://www.instagram.com/p/COhOdRlHD5X/,"#instafoodsg, #instafood, #locateats, #sgeats, #localjiak, #sgfoodie, #foodiesg, #sgfood, #hawkerculturesg, #hawkerfoodsg, #hawkerfood, #sghawkerfood, #yongtaufoodry, #yummylunch"
136,https://www.instagram.com/p/CZ30-2jPWo2/,"#sdphbt, #yoursdp, #supportlocalsg, #hawkerculture, #hawkerculturesg, #bukittimahhawkercentre, #hollandbukittimahgrc, #hollandbukittimah, #bukittimah, #madaboutsingapore, #yoursingapore, #Singapore, #sgeats, #sgdaily"
137,https://www.instagram.com/p/CWu3VGmPb6R/,"#lino, #linocutprint, #linocut, #linoprint, #linoleumprint, #linocutting, #linoprinting, #print, #prints, #printmaking, #printstudio, #printmaker, #printmakingart, #printmakingstudio, #singapore, #singaporefood, #hawkerfood, #hawkerfoodsg, #hawkerculturesg, #sghawkerfood, #sghawkerculture, #sghawkers, #durian"
138,https://www.instagram.com/p/CZh9ysfBH_i/,"#foodie, #hawkerfood, #hawkerculturesg, #foodheaven, #haha"
139,https://www.instagram.com/p/CWNAVAfP10Z/,"#hawkerfoodsg, #hawkercentre, #hawkerculturesg, #newton, #newtonfoodcentre, #sgfoodies"
140,https://www.instagram.com/p/CSQhszcn2j5/,"#lino, #linocutprint, #linocut, #linoprint, #linoleumprint, #linocutting, #linoprinting, #print, #prints, #printmaking, #printstudio, #printmaker, #printmakingart, #printmakingstudio, #singapore, #singaporefood, #hawkerfood, #hawkerfoodsg, #hawkerculturesg, #sghawkerfood, #sghawkerculture, #sghawkers"
141,https://www.instagram.com/p/CQnW1FHHNNR/,"#instafoodsg, #instafood, #locateats, #sgeats, #localjiak, #sgfoodie, #foodiesg, #sgfood, #hawkerculturesg, #hawkerfoodsg, #hawkerfood, #sghawkerfood, #fishballnoodle, #lixinteochewfishballnoodle"
142,https://www.instagram.com/p/CNpl9dNHeYr/,"#nomeatballsplease, #bedokbarchormee, #barchormee, #noodlesoup, #meekia, #boatquay, #chinhogaixiao, #chinhojiak, #ÁîÑÂ•ΩÂêÉ, #ÁîÑÂ•Ω‰ªãÁªç, #supporthawker, #supportlocal, #hawkerfoodsg, #hawkerfood, #hawkersg, #hawkerculturesg, #hawkercentre, #hawker, #hawkerculture, #ourhawkerculture, #singaporefood, #singaporefoodie, #singaporehawkerfood, #sgfoodie, #sgfood, #sghawker, #sghawkerculture, #singaporefoodculture"
143,https://www.instagram.com/p/CST2H5tHKn6/,"#ishirosg, #bedokmarketplace, #hawkerheroes, #hawkerculturesg, #unagi, #unagiricebowl, #onsenegg, #sgfood"
144,https://www.instagram.com/p/CQDE8rMhC3m/,"#proudtosupport, #hawkerculturesg, #carsharing, #tribecar"
145,https://www.instagram.com/p/CPKlvaGF_n3/,"#foodstagram, #foodporn, #food, #sgfood, #sgfoodies, #sgcafe, #whati8today, #hawkerfood, #sgrestaurant, #sgfoodies, #sgfooddiary, #sgfoodhunt, #sgfoodblogger, #japanesefood, #japanese, #hawker, #hawkerfoodsg, #covid, #phase2, #mentaiko, #salmonmentaiko, #japanesedon, #supportsmallbusiness, #hawkerculture, #hawkerculturesg, #foodie, #yummyfood, #ourhawkerculture, #dapao"
146,https://www.instagram.com/p/COjxl5-n9kh/,"#instafoodsg, #instafood, #locateats, #sgeats, #localjiak, #sgfoodie, #foodiesg, #sgfood, #hawkerculturesg, #hawkerfoodsg, #hawkerfood, #sghawkerfood, #longtimenoeat, #yummylunch"
147,https://www.instagram.com/p/CSYVImeHMwN/,"#nomsh, #artablyinlove, #hawkerculturesg"
148,https://www.instagram.com/p/CVH4-KkB3VY/,"#instafoodsg, #instafood, #locateats, #sgeats, #localjiak, #sgfoodie, #foodiesg, #sgfood, #fooddiarysg, #hawkerculturesg, #hawkerfoodsg, #hawkerfood, #sghawkerfood, #dinner"
149,https://www.instagram.com/p/CXpjqqchC-b/,"#genz, #youth, #like, #follow, #lfl, #f4f, #tbt, #instagood, #instadaily, #hawkerculturesg, #cuisine, #history, #singaporeheritage, #legacy, #foodinsg"
150,https://www.instagram.com/p/CW7RCFlt1ar/,"#SupportLocalSg, #groupbuysg, #smallbusiness, #hawkerculture, #hawkerculturesg"
151,https://www.instagram.com/p/CN3bhDyHa8W/,"#sginstagram, #igsg, #toyinstagra, #Áé©ÂÖ∑ÊîùÂΩ±, #cameraeatsfirst, #Áõ∏Ê©üÂÖàÈ£ü, #sgfoodstagram, #exploresingaporeeat, #korilakkuma, #rilakkuma, #kiiroitori, #ÊùæÂºõÁÜä, #„É™„É©„ÉÉ„ÇØ„Éû, #„Ç≥„É™„É©„ÉÉ„ÇØ„Éû, #„Ç≠„Ç§„É≠„Ç§„Éà„É™, #instagramsg, #sgigers, #supporthawker, #singaporeinsiders, #sgfoodunion, #ourhawkerculture, #hawkerfoodsg, #hawkerfood, #hawkerculturesg, #bakchormee, #hillstreettaihwaporknoodle, #michelinguide, #michelinsg"
152,https://www.instagram.com/p/CNtogk4lZts/,"#coffee, #apad, #aphotoaday, #note20ultraphotography, #hawkerculturesg, #hawkerfood, #sglife"
153,https://www.instagram.com/p/CZGsoFRvc1X/,"#instafoodsg, #instafood, #locateats, #sgeats, #localjiak, #sglocaleats, #sgeats, #eatsg, #sgfoodie, #sgfood, #foodiesg, #hawkerfood, #hawkerfoodsg, #hawkerculturesg, #supportlocalsg, #lunch"
154,https://www.instagram.com/p/COkAcaDnf-B/,"#livelife, #livelifetothefullest, #curious, #singaporefood, #singaporefoodie, #foodporn, #exploration, #lifeblog, #lifeblogger, #grateful, #foodcoma, #lifestories, #grateful, #hawkerfood, #hawkerculture, #hawkerculturesg, #thaibasilchicken, #thaibasil, #thaicuisine, #curiousaccountant"
155,https://www.instagram.com/p/CUDaHO8BNTD/,"#DCfoodjournal, #katonglaksa, #laska, #hawker, #hawkerfood, #hawkercentre, #sghawker, #hawkerfoodsg, #hawkersg, #sghawkerfood, #hawkerculture, #hawkerculturesg, #sgfood, #sgfoodies, #instafood, #foodstagram, #foodie, #sgfoodie, #sgeats, #foodphotography, #sgfoodtrend, #sgfoodblogger, #burpple, #igfood, #sgfoodporn, #singaporefood, #sgfooddiary"
156,https://www.instagram.com/p/CWzT9e8BM_Q/,"#01-13, #sgfoodies, #sgfood, #sgeats, #burpplesg, #instafoodsg, #jiaksimipng, #jiaklocal, #hawkerfoodsg, #sgfoodtrend, #foodiesinternationalchat, #sgfoodblogger, #foodiesg, #foodsg, #singaporefood, #singaporefoodie, #eatbooksg, #8dayseat, #sgfoodhunt, #sgigfood, #hawkerculturesg, #eatoutsg, #amkfood, #charkwayteowsg, #charkwayteow, #thefoodiesinitiative"
157,https://www.instagram.com/p/CQifwZLHo_V/,"#wheretodapao, #sgfood, #wheretodapao, #livetoeat, #food, #hawkerfoodsg, #yapkeewantonmee, #wantonmee, #hawkerfood, #sghawker, #hawkerculture, #hawkerfoodsg, #hawkerculturesg, #sgfoodies, #sgfoodporn, #eatoutsg, #singaporefood, #singaporefoodie, #instafood, #foodie, #foodstagram, #foodgasm, #eatingfortheinsta, #eatbooksg"
158,https://www.instagram.com/p/COISW-znIbF/,"#chinhogaixiao, #chinhojiak, #ÁîÑÂ•ΩÂêÉ, #ÁîÑÂ•Ω‰ªãÁªç, #supporthawker, #supportlocal, #hawkerfoodsg, #hawkerfood, #hawkersg, #hawkerculturesg, #hawkercentre, #hawker, #hawkerculture, #ourhawkerculture, #singaporefood, #singaporefoodie, #singaporehawkerfood, #sgfoodie, #sgfood, #sghawker, #sghawkerculture, #singaporefoodculture, #toapayoh, #toapayohfood, #claypot, #claypotrice"
159,https://www.instagram.com/p/CQ42w14hF-3/,#gracefulleeKallang
160,https://www.instagram.com/p/CO3EW48rglB/,"#sgfood, #sgeats, #sgfoodie, #sgfoodtrend, #sgfoodpic, #explore_singapore, #supportlocal, #burpplesg, #instafoodsg, #hawkerculturesg, #zichar, #horfun"
161,https://www.instagram.com/p/CZI1Po4P8ZR/,"#lino, #linoleumprint, #linocutting, #linoprinting, #print, #prints, #printmaking, #printstudio, #printmaker, #printmakingart, #printmakingstudio, #awagami, #awagamipaper, #cranfieldcolours, #ironfrogpress, #singapore, #singaporefood, #hawkerfood, #hawkerfoodsg, #hawkerculturesg, #pngkueh"
162,https://www.instagram.com/p/CZRL-ehv6qK/,"#instafoodsg, #instafood, #locateats, #sgeats, #localjiak, #sgfoodie, #sglocaleats, #sgfoodies, #sgfood, #comfortfood, #eatoutsg, #hawkerfood, #sghawkerfood, #hawkerculturesg, #hawkerfoodsg, #oldschooltaste, #comfortfood, #ahmachimian"
163,https://www.instagram.com/p/CNRSNxOnwd5/,"#ghimmoh, #foodie, #foodgram, #igfood, #foodstagram, #mobilephotography, #foodgrammer, #singaporefood, #supportsmallbusiness, #hawkerculturesg, #hawkerfood, #notsponsored"
164,https://www.instagram.com/p/COHSy42HUO3/,"#affordable, #awesomefood, #delicious, #explorefood, #foodporn, #food, #foodie, #foodhunt, #foodreview, #foodexploring, #goodfood, #hueats, #hawkerculturesg, #hawker, #hawkerfood, #hungry, #iwannacomebackhere, #ilikefood, #impressive, #iwillbeback, #lovefood, #liveforfood, #meihueats, #sggdfood, #sgfood, #burgers, #cheeseburgers, #beefburgers"
165,https://www.instagram.com/p/CQBlQXrnNkG/,"#instafoodsg, #instafood, #locateats, #sgeats, #localjiak, #sgfoodie, #foodiesg, #sgfood, #hawkerculturesg, #hawkerfoodsg, #hawkerfood, #satay, #yummy, #worththecalories"
166,https://www.instagram.com/p/CPuVO5EsBcA/,"#saturday, #breakfast, #gluteniousrice, #butterfly, #tapiocakueh, #gorengpisang, #stickycakewithsweetpotato, #janusgoesnomnom, #food, #foodie, #foodporn, #nomnom, #hawkerfoodsg, #hawkerfood, #hawkerfare, #hawkercentre, #hawkerculturesg"
167,https://www.instagram.com/p/CWDMurZvte4/,"#lino, #linocutprint, #linocut, #linoprint, #linoleumprint, #linocutting, #linoprinting, #print, #prints, #printmaking, #printstudio, #printmaker, #printmakingart, #printmakingstudio, #singapore, #singaporefood, #hawkerfood, #hawkerfoodsg, #hawkerculturesg, #sghawkerfood, #sghawkerculture, #sghawkers, #durian"
168,https://www.instagram.com/p/CV_4_P9v452/,"#veg_littledragon, #sgvegetarian, #hawkerculturesg"
169,https://www.instagram.com/p/COK74DZnzw3/,"#ÂêÉ‰∏çÂà∞‰∏çË¶ÅÊÄ™Êàë, #chinhogaixiao, #chinhojiak, #ÁîÑÂ•ΩÂêÉ, #ÁîÑÂ•Ω‰ªãÁªç, #supporthawker, #supportlocal, #hawkerfoodsg, #hawkerfood, #hawkersg, #hawkerculturesg, #hawkercentre, #hawker, #hawkerculture, #ourhawkerculture, #singaporefood, #singaporefoodie, #singaporehawkerfood, #sgfoodie, #sgfood, #sghawker, #sghawkerculture, #singaporefoodculture, #redhill, #redhillcoffeeshop, #vegetarian, #vegetarianbeehoon"
170,https://www.instagram.com/p/CTi1AT9noMB/,"#04-67,, #DCfoodjournal, #kopifellas, #kopiandtoast, #beautyworldcentre, #hawker, #hawkerfood, #hawkercentre, #sghawker, #hawkerfoodsg, #hawkersg, #sghawkerfood, #hawkerculture, #hawkerculturesg, #sgfood, #sgfoodies, #sgfoodie, #sgeats, #sgfoodtrend, #sgfoodblogger, #burpple, #sgfoodporn, #singaporefood, #sgfooddiary"
171,https://www.instagram.com/p/CTrIzu_v2ZO/,Error
172,https://www.instagram.com/p/CUK3GSWvxp6/,"#02-32, #DCfoodjournal, #sliimuffin, #muffinsg, #muffin, #muffins, #hawker, #hawkerfood, #hawkercentre, #sghawker, #hawkerfoodsg, #hawkersg, #sghawkerfood, #hawkerculture, #hawkerculturesg, #sgfood, #sgfoodies, #instafood, #foodstagram, #foodie, #sgfoodie, #sgeats, #foodphotography, #sgfoodtrend, #sgfoodblogger, #burpple, #igfood, #sgfoodporn, #singaporefood, #sgfooddiary"
173,https://www.instagram.com/p/CRJYTynHQK0/,"#sg, #sgfood, #sgfoodies, #hawkerculturesg, #singapore, #singaporelife, #singaporefood, #singaporeüá∏üá¨, #haidilao, #haidilaosingapore, #food, #foodie, #foodporn, #foodstagram, #foodphotography, #foodblogger, #foodstylist, #foodpics, #foodstyling, #foodblogger, #foodbloggers, #hotpot, #travel, #travelphotography, #travelblogger, #travelgram, #travelawesome, #traveladdict, #travelawesome"
174,https://www.instagram.com/p/CZapTXCPC9l/,"#vegansg, #vegetariansg, #dessertsg, #ondehondehcake, #localbusiness, #hawkerculturesg, #dessertsg, #agaragar, #agarcakesingapore, #nokonnyaku, #nokonjac, #beoriginal, #beextraordinary, #besurprised"
175,https://www.instagram.com/p/CNILtVtnDxJ/,"#chinhogaixiao, #chinhojiak, #ÁîÑÂ•ΩÂêÉ, #ÁîÑÂ•Ω‰ªãÁªç, #supporthawker, #supportlocal, #hawkerfoodsg, #hawkerfood, #hawkersg, #hawkerculturesg, #hawkercentre, #hawker, #hawkerculture, #ourhawkerculture, #singaporefood, #singaporefoodie, #singaporehawkerfood, #sgfoodie, #sgfood, #sghawker, #sghawkerculture, #singaporefoodculture, #meesiam, #ghimmoh, #ghimmohfoodcentre"
176,https://www.instagram.com/p/CXh8jJ-PJSF/,"#lino, #linoleumprint, #linocutting, #linoprinting, #print, #prints, #printmaking, #printstudio, #printmaker, #printmakingart, #printmakingstudio, #singapore, #singaporefood, #hawkerfood, #hawkerfoodsg, #hawkerculturesg"
177,https://www.instagram.com/p/CNHYJKSpw_D/,"#coffeevibes, #coffeeisdrug, #coffeeart, #coffeebrew, #coffeebreak, #latteart, #specialtycoffee, #specialtycoffeesg, #kopimore, #kopi, #backformore, #localcoffee, #walktheworldthroughcoffee, #morningfix, #morningcoffee, #coffeeandfriends, #hainanese, #dreams, #hawkerculture, #hawkerculturesg, #touristinhomecountry"
178,https://www.instagram.com/p/CQtldo8ngiq/,"#ËèúÂ§¥Á≤ø, #chinatown, #peoplesparkfoodcentre, #carrotcake, #fooddiary, #foodporn, #shotbyiphone, #ÂêÉË¥ß, #hawkerfood, #hawkerculturesg, #hawkerculture, #Â∞èË¥©‰∏≠ÂøÉ"
179,https://www.instagram.com/p/CR6izvGM5xz/,"#supportlocalsg, #supporthawker, #supporthawkerfood, #supporthawkersg, #hawkerfood, #hawkersg, #hawkerfoodsg, #hawkercentre, #hawkerculture, #hawkerculturesg, #sgfood, #sgfoodies, #sgfoodtrend, #sgfoodtrend, #sgfoodlover, #sgfooddiary, #sgfoodblogger, #sgfoodreview, #sgfoodstagram, #sgfoodblog, #sgvegetarians, #sgvegetarian, #yourdailynibbles"
180,https://www.instagram.com/p/CUK6eUuvzwA/,"#01-27, #DCfoodjournal, #ahhockfriedhokkienmee, #hokkienmee, #hawker, #hawkerfood, #hawkercentre, #sghawker, #hawkerfoodsg, #hawkersg, #sghawkerfood, #hawkerculture, #hawkerculturesg, #sgfood, #sgfoodies, #foodie, #sgfoodie, #sgeats, #sgfoodtrend, #sgfoodblogger, #burpple, #sgfoodporn, #singaporefood, #sgfooddiary"
181,https://www.instagram.com/p/CUAc9wkv1ef/,"#01-44,, #DCfoodjournal, #bainianyongtaufoo, #hawker, #hawkerfood, #hawkercentre, #sghawker, #hawkerfoodsg, #hawkersg, #sghawkerfood, #hawkerculture, #hawkerculturesg, #sgfood, #sgfoodies, #sgfoodie, #sgeats, #sgfoodtrend, #sgfoodblogger, #burpple, #sgfoodporn, #singaporefood, #sgfooddiary"
182,https://www.instagram.com/p/CTdrvpEnjIG/,"#02-048,, #DCfoodjournal, #the1950scoffee, #michelinguide, #kopiandtoast, #hawker, #hawkerfood, #hawkercentre, #sghawker, #hawkerfoodsg, #hawkersg, #sghawkerfood, #hawkerculture, #hawkerculturesg, #sgfood, #sgfoodies, #foodie, #sgfoodie, #sgeats, #sgfoodtrend, #sgfoodblogger, #burpple, #sgfoodporn, #singaporefood, #sgfooddiary"
183,https://www.instagram.com/p/COmZOA1H5lY/,"#chinhogaixiao, #chinhojiak, #ÁîÑÂ•ΩÂêÉ, #ÁîÑÂ•Ω‰ªãÁªç, #supporthawker, #supportlocal, #hawkerfoodsg, #hawkerfood, #hawkersg, #hawkerculturesg, #hawkercentre, #hawker, #hawkerculture, #ourhawkerculture, #singaporefood, #singaporefoodie, #singaporehawkerfood, #sgfoodie, #sgfood, #sghawker, #sghawkerculture, #singaporefoodculture, #tiongbahru, #tiongbahrufood, #tiongbahrufoodcentre, #wantonmee"
184,https://www.instagram.com/p/CYoLBq5Pixp/,"#Hawkercentres, #hawkerculturesg"
185,https://www.instagram.com/p/CPzcBKjFJTi/,"#sgfoodie, #sgfoodstagram, #whatiatetoday, #burpplesg, #newfinds, #friedrice, #porkcutlet, #ionorchard, #kingoffriedrice, #lunchtime, #ËõãÁÇíÈ£Ø, #Áå™ÊâíÈ•≠, #hawkerculturesg, #hawkerfood, #whatihadforlunch"
186,https://www.instagram.com/p/CUa0qG5hiMP/,"#DCfoodjournal, #roastmeat, #charsiew, #siobak, #hawker, #hawkerfood, #hawkercentre, #sghawker, #hawkerfoodsg, #hawkersg, #sghawkerfood, #hawkerculture, #hawkerculturesg, #sgfood, #sgfoodies, #instafood, #foodstagram, #foodie, #sgfoodie, #sgeats, #foodphotography, #sgfoodtrend, #sgfoodblogger, #burpple, #igfood, #sgfoodporn, #singaporefood, #sgfooddiary"
187,https://www.instagram.com/p/COxsJB0LEGH/,"#lino, #linocutprint, #linocut, #linoprint, #linoleumprint, #linocutting, #linoprinting, #print, #prints, #printmaking, #printstudio, #printmaker, #printmakingart, #printmakingstudio, #awagami, #singapore, #singaporefood, #hawkerfood, #hawkerfoodsg, #hawkerculturesg, #channelnewsasia"
188,https://www.instagram.com/p/CV4zbhfvS9u/,"#hawkerfood, #hawkerculturesg, #hawkerculture, #hawkercentre, #foodtrip, #laupasat, #singaporeeats, #sgfoodies, #singaporefood, #rafflesplace, #foodporn, #foodplaces, #visitsingapore"
189,https://www.instagram.com/p/CPLURWmrJES/,#hawkerculturesg
190,https://www.instagram.com/p/COW5h1inMim/,"#livelife, #livelifetothefullest, #curious, #singaporefood, #singaporefoodie, #foodporn, #exploration, #lifeblog, #lifeblogger, #grateful, #foodcoma, #lifestories, #grateful, #hawkerfood, #hawkerculture, #hawkerculturesg, #noodles, #drynoodles, #meepok, #tiongbahru, #tiongbahrumarketandfoodcentre"
191,https://www.instagram.com/p/CVPrLpolbHH/,#01-71
192,https://www.instagram.com/p/CNxDa-BnHdA/,"#yuanyangpengsiudai, #coffeenation, #sgcoffee, #hawkerculturesg, #hawkerheritage, #yypsd, #yuanyangpeng, #butfirstcoffee, #coffeeislife, #coffeeartist, #ilovecoffee, #foodislife, #kopiculture, #kopisg"
193,https://www.instagram.com/p/CNz-_nXn1FP/,"#chinhogaixiao, #chinhojiak, #ÁîÑÂ•ΩÂêÉ, #ÁîÑÂ•Ω‰ªãÁªç, #supporthawker, #supportlocal, #hawkerfoodsg, #hawkerfood, #hawkersg, #hawkerculturesg, #hawkercentre, #hawker, #hawkerculture, #ourhawkerculture, #singaporefood, #singaporefoodie, #singaporehawkerfood, #sgfoodie, #sgfood, #sghawker, #sghawkerculture, #singaporefoodculture, #tiongbahru, #tiongbahrumarket, #tiongbahrufood, #tiongbahruhawkercentre, #tiongbahruhawker"
194,https://www.instagram.com/p/CW3Kx4_vO4W/,"#pigorgansoup, #nourishyoursoul, #singaporefoodie, #singaporefoodporn, #singaporeüá∏üá¨, #shiokfoodfind, #shiokfoodsg, #singaporefood, #singaporelife, #sgbreakfast, #sgfoodhunter, #sgfoodporn, #sgfoodstagram, #sgfoodies, #foodporn, #foodphotography, #foodshare, #foodstagram, #foodblogger, #foodheaven, #foodpornography, #foodpornsg, #supportlocalsg, #hawkerculturesg"
195,https://www.instagram.com/p/CZlVAPbrPys/,"#hawkerculturesg, #singaporefood, #boonlayplace"
196,https://www.instagram.com/p/CUoqbawhnx9/,"#movingplates, #lino, #linocutprint, #linocut, #linoprint, #linoleumprint, #linocutting, #linoprinting, #print, #prints, #printmaking, #printstudio, #printmaker, #printmakingart, #printmakingstudio, #awagami, #awagamipaper, #cranfieldcolours, #ironfrogpress, #singapore, #singaporefood, #hawkerfood, #hawkerfoodsg, #hawkerculturesg"
197,https://www.instagram.com/p/CNzihSOnwJu/,"#tanglinhalt, #traditionalsnacks, #hawkerculturesg, #oldschool, #usk, #usksg, #urbansketch, #urbansketching, #hawkercenter"
198,https://www.instagram.com/p/CUCQUO4F487/,"#gracefulleejurongeast, #02-35"
199,https://www.instagram.com/p/CUE4IHXJ5HL/,"#01-39, #DCfoodjournal, #anoodlestory, #ramen, #ramensg, #hawker, #hawkerfood, #hawkercentre, #sghawker, #hawkerfoodsg, #hawkersg, #sghawkerfood, #hawkerculture, #hawkerculturesg, #sgfood, #sgfoodies, #instafood, #foodstagram, #foodie, #sgfoodie, #sgeats, #foodphotography, #sgfoodtrend, #sgfoodblogger, #burpple, #igfood, #sgfoodporn, #singaporefood, #sgfooddiary"
200,https://www.instagram.com/p/CTCVG8SKGV9/,"#friedoyster, #friedoysters, #ËöùÁÖé, #ËöùÁÖéüç≥, #hawkerfoodsg, #hawkerfood, #hawkerculturesg, #sghawker, #sghawkerfood, #sgfoodshare, #sgfoodshares, #sgfood, #sgfoodies, #sgfoodie, #sgfoodlover, #sgfoodstagram, #sgfoodpic, #sgfoodpics, #sgfoodgram, #foodstagram, #foodiesofinstagram, #foodiesoninstagram, #foodpics, #foodpic, #foodpictures, #foodpicture, #foodlover, #oysterlover, #oysterlovers, #jrecollectionfood"
201,https://www.instagram.com/p/CS0z-7EH-cY/,"#instafoodsg, #instafood, #locateats, #sgeats, #localjiak, #sgfoodie, #foodiesg, #sgfood, #comfortfood, #hawkerfood, #hawkerculturesg, #hawkerfoodsg, #whatieatforlunch, #fishballnoodle, #meepokdry"
202,https://www.instagram.com/p/CUy2Jr5BHSQ/,"#lino, #linocutprint, #linocut, #linoprint, #linoleumprint, #linocutting, #linoprinting, #print, #prints, #printmaking, #printstudio, #printmaker, #printmakingart, #printmakingstudio, #awagami, #awagamipaper, #cranfieldcolours, #ironfrogpress, #singapore, #singaporefood, #hawkerfood, #hawkerfoodsg, #hawkerculturesg, #coffee"
203,https://www.instagram.com/p/CU_kAyljjcy/,"#singaporefoodscene, #localfare, #supportlocalsg, #healthyliving, #sghawker, #foodies, #singaporefood, #sgfood, #sgfoodies, #sgeats, #igsg, #covidtakeaway, #unescohawkerculture, #dapaoculture, #ricebowl, #healthyeating, #burpple, #cheapeats, #visitsingapore, #shiok, #instafood, #foodstagram, #foodie, #sgfoodie, #yummydeals, #8dayseat, #eatyourvegetables, #hawkerculturesg, #hawkerculture"
204,https://www.instagram.com/p/CVpE9njvIvR/,"#sengkeebakchormee, #flavoursomesoup, #fishmaw, #meatball, #umami, #braisedmushrooms, #bakersimfood, #exploringamk, #amkfood, #bakersim, #hawkerculturesg, #flavourbomb"
205,https://www.instagram.com/p/CWxCGtSrzWX/,"#lino, #linoleumprint, #linocutting, #linoprinting, #print, #prints, #printmaking, #printstudio, #printmaker, #printmakingart, #printmakingstudio, #awagami, #awagamipaper, #cranfieldcolours, #ironfrogpress, #singapore, #singaporefood, #hawkerfood, #hawkerfoodsg, #hawkerculturesg, #durian"
206,https://www.instagram.com/p/CNd8W6xnqPH/,
207,https://www.instagram.com/p/CPC6e61LuVm/,"#sgfood, #sgeats, #sgfoodie, #sgfoodtrend, #whati8today, #sgfoodpic, #explore_singapore, #supportlocal, #burpplesg, #instafoodsg, #hawkerculturesg, #friedcarrotcake, #cheecheongfun"
208,https://www.instagram.com/p/CPzWYsXHOnJ/,"#kasohsg, #sghistory, #sgheritage, #sgrestaurants, #sgeats, #sgfood, #sgfoodies, #sgfoodie, #savefnbsg, #teamfnbsg, #fnbsg, #supportlocalsg, #hawker, #dapaonation, #zicharnation, #hawkerculturesg, #ourhawkerculture"
209,https://www.instagram.com/p/CSytG3knrC4/,"#DCfoodjournal, #sweeguanhokkienmee, #hokkienmee, #hawker, #hawkerfood, #hawkercentre, #sghawker, #hawkerfoodsg, #hawkersg, #sghawkerfood, #hawkerculture, #hawkerculturesg, #sgfood, #sgfoodies, #foodie, #sgfoodie, #sgeats, #sgfoodtrend, #sgfoodblogger, #burpple, #sgfoodporn, #singaporefood, #sgfooddiary"
210,https://www.instagram.com/p/CTToGzqB_bQ/,"#01-12,, #DCfoodjournal, #hillstreettaihwaporknoodles, #michelinstar, #michelinguide, #hawker, #hawkerfood, #hawkercentre, #sghawker, #hawkerfoodsg, #hawkersg, #sghawkerfood, #hawkerculture, #hawkerculturesg, #sgfood, #sgfoodies, #foodie, #sgfoodie, #sgeats, #sgfoodtrend, #sgfoodblogger, #burpple, #sgfoodporn, #singaporefood, #sgfooddiary"
211,https://www.instagram.com/p/CPQb4b2FwP3/,"#gracefulleeCommonwealth, #02-93"
212,https://www.instagram.com/p/CUa1hjnh3Je/,"#DCfoodjournal, #springleafprataplace, #rotiprata, #hawker, #hawkerfood, #hawkercentre, #sghawker, #hawkerfoodsg, #hawkersg, #sghawkerfood, #hawkerculture, #hawkerculturesg, #sgfood, #sgfoodies, #instafood, #foodstagram, #foodie, #sgfoodie, #sgeats, #foodphotography, #sgfoodtrend, #sgfoodblogger, #burpple, #igfood, #sgfoodporn, #singaporefood, #sgfooddiary"
213,https://www.instagram.com/p/CNaAe79rhxu/,"#sgeats, #sgfood, #hawkerculturesg, #donburi"
214,https://www.instagram.com/p/CT9Nxm9JCPt/,"#lino, #linocutprint, #linocut, #linoprint, #linoleumprint, #linocutting, #linoprinting, #print, #prints, #printmaking, #printstudio, #printmaker, #printmakingart, #printmakingstudio, #awagami, #awagamipaper, #cranfieldcolours, #ironfrogpress, #singapore, #singaporefood, #hawkerfood, #hawkerfoodsg, #hawkerculturesg, #coffee"
215,https://www.instagram.com/p/CZ0wgB1vzFc/,"#grandpawesternfood, #bersehfoodcentre, #chickencutlet, #anglohainanesecuisine, #hawkerfood, #westernhawkerfood, #hawkerculture, #hawkerculturesg, #sghawkerfood, #sghawkerculture, #ourhawkerculture, #ourhawkerheritage, #littleindiasingapore"
216,https://www.instagram.com/p/CWSJ6iAP3TH/,"#lino, #linocutprint, #linocut, #linoprint, #linoleumprint, #linocutting, #linoprinting, #print, #prints, #printmaking, #printstudio, #printmaker, #printmakingart, #printmakingstudio, #singapore, #singaporefood, #hawkerfood, #hawkerfoodsg, #hawkerculturesg, #sghawkerfood, #sghawkerculture, #sghawkers"
217,https://www.instagram.com/p/CNXoT63nlbu/,"#chinhogaixiao, #chinhojiak, #ÁîÑÂ•ΩÂêÉ, #ÁîÑÂ•Ω‰ªãÁªç, #supporthawker, #supportlocal, #hawkerfoodsg, #hawkerfood, #hawkersg, #hawkerculturesg, #hawkercentre, #hawker, #hawkerculture, #ourhawkerculture, #singaporefood, #singaporefoodie, #singaporehawkerfood, #sgfoodie, #sgfood, #sghawker, #sghawkerculture, #singaporefoodculture, #toapayoh, #toapayohhawker, #toapayohcoffeeshop, #fishballnoodle, #songkeefishball"
218,https://www.instagram.com/p/COm9NtJLtWw/,"#lino, #linocutprint, #linocut, #linoprint, #linoleumprint, #linocutting, #linoprinting, #print, #prints, #printmaking, #printstudio, #printmaker, #printmakingart, #printmakingstudio, #awagami, #awagamipaper, #cranfieldcolours, #ironfrogpress, #singapore, #singaporefood, #hawkerfood, #hawkerfoodsg, #hawkerculturesg"
219,https://www.instagram.com/p/CZMXx8SpS8-/,Error
220,https://www.instagram.com/p/COppH7Onftp/,"#queenstown, #queenstownfood, #mothersday, #sghawker, #sglocal, #hawkerculturesg, #abcbrickworksmarket, #abcmarket, #abcbrickworksfoodcentre"
221,https://www.instagram.com/p/COfhI95nf7i/,Error
222,https://www.instagram.com/p/CORQg2UHFAP/,"#livelife, #livelifetothefullest, #curious, #singaporefood, #singaporefoodie, #foodporn, #exploration, #lifeblog, #lifeblogger, #grateful, #foodcoma, #lifestories, #grateful, #hawkerfood, #hawkerculture, #hawkerculturesg"
223,https://www.instagram.com/p/COaW2I4HAbg/,"#chinhogaixiao, #chinhojiak, #ÁîÑÂ•ΩÂêÉ, #ÁîÑÂ•Ω‰ªãÁªç, #supporthawker, #supportlocal, #hawkerfoodsg, #hawkerfood, #hawkersg, #hawkerculturesg, #hawkercentre, #hawker, #hawkerculture, #ourhawkerculture, #singaporefood, #singaporefoodie, #singaporehawkerfood, #sgfoodie, #sgfood, #sghawker, #sghawkerculture, #singaporefoodculture, #chicken, #chickenpot, #serangoon, #serangoonfood"
224,https://www.instagram.com/p/CZWXIA4J-ou/,"#glutenfreesg, #vegansg, #vegetariansg, #dessertsg, #ondehondehcake, #localbusiness, #hawkerculturesg, #dessertsg, #agaragar, #agarcakesingapore, #nokonnyaku, #nokonjac, #beoriginal, #beextraordinary, #besurprised"
225,https://www.instagram.com/p/CUNLNd2FE-c/,"#gracefulleeTanjongPagar, #01-05,"
226,https://www.instagram.com/p/CZWnG27PhEk/,"#exploresingapore, #hawkerculture, #hawkerculturesg, #unescoworldheritage, #unescointangibleculturalheritage"
227,https://www.instagram.com/p/CVDE3uIhinV/,"#movingplates, #lino, #linocutprint, #linocut, #linoprint, #linoleumprint, #linocutting, #linoprinting, #print, #prints, #printmaking, #printstudio, #printmaker, #printmakingart, #printmakingstudio, #awagami, #awagamipaper, #cranfieldcolours, #ironfrogpress, #singapore, #singaporefood, #hawkerfood, #hawkerfoodsg, #hawkerculturesg"
228,https://www.instagram.com/p/CUfTeN-PV93/,"#justsaying, #rotiprata, #rotiprataegg, #kosong, #Âç∞Â∫¶ÁÖéÈ•º, #foodporn, #fooddiary, #hawkerfood, #hawkerculturesg, #hawkercentre, #bepositive"
229,https://www.instagram.com/p/CWkKehVDaWp/,"#thepeaksg, #hawkerculturesg, #geylangbriyanistall, #168currychicken, #lorbakmama, #gubakkia"
230,https://www.instagram.com/p/CZVYEYkhT1E/,"#hawkerculturesg, #jurongpoint"
231,https://www.instagram.com/p/CUK5KjPvhnq/,"#01-44, #DCfoodjournal, #ahsengbraisedduckrice, #braisedduckrice, #hawker, #hawkerfood, #hawkercentre, #sghawker, #hawkerfoodsg, #hawkersg, #sghawkerfood, #hawkerculture, #hawkerculturesg, #sgfood, #sgfoodies, #instafood, #foodstagram, #foodie, #sgfoodie, #sgeats, #foodphotography, #sgfoodtrend, #sgfoodblogger, #burpple, #igfood, #sgfoodporn, #singaporefood, #sgfooddiary"
232,https://www.instagram.com/p/CTWsOeEP133/,"#sgfood, #sgeats, #sgfoodie, #sgfoodtrend, #sgfoodpic, #explore_singapore, #supportlocal, #burpplesg, #instafoodsg, #hawkerculturesg, #mlxg"
233,https://www.instagram.com/p/CPTTfrmnUll/,
234,https://www.instagram.com/p/CN_wVegnMlH/,"#instafoodsg, #instafood, #locateats, #sgeats, #localjiak, #sgfoodie, #foodiesg, #sgfood, #hawkerculturesg, #hawkerfoodsg, #hawkerfood, #sghawkerfood, #meerebus, #yummyfood"
235,https://www.instagram.com/p/CO9q5ktH26b/,"#instafoodsg, #instafood, #locateats, #sgeats, #localjiak, #sgfoodie, #foodiesg, #sgfood, #hawkerculturesg, #hawkerfoodsg, #hawkerfood, #sghawkerfood, #zicharsg, #dinner"
236,https://www.instagram.com/p/CZeKluPPeF4/,"#sgfoodies, #sgfood, #sgeats, #burpplesg, #instafoodsg, #jiaklocal, #hawkerfoodsg, #sgfoodtrend, #globaleats, #thefoodieinitiative, #foodiesinternationalchat, #sgfoodblogger, #foodiesg, #foodsg, #singaporefood, #singaporefoodie, #eatbooksg, #8dayseat, #sgfoodhunt, #sgigfood, #hawkerculturesg, #eatoutsg, #sembawang, #tonkatsu, #maruhachi, #japanesefood"
237,https://www.instagram.com/p/CS83OidHAjI/,"#02-88,, #DCfoodjournal, #xiujiikanbilisyongtaufu, #yongtaufoo, #chinatowncomplexfoodcentre, #hawker, #hawkerfood, #hawkercentre, #sghawker, #hawkerfoodsg, #hawkersg, #sghawkerfood, #hawkerculture, #hawkerculturesg, #sgfood, #sgfoodies, #foodie, #sgfoodie, #sgeats, #sgfoodtrend, #sgfoodblogger, #burpple, #sgfoodporn, #singaporefood, #sgfooddiary"
238,https://www.instagram.com/p/CSZBjvslDva/,"#sgfood, #sgeats, #sgfoodie, #sgfoodtrend, #sgfoodpic, #explore_singapore, #supportlocal, #burpplesg, #instafoodsg, #hawkerculturesg, #kwaychap, #vegetarian"
239,https://www.instagram.com/p/CZRm8ZqJQci/,"#glutenfreesg, #vegansg, #vegetariansg, #dessertsg, #localbusiness, #hawkerculturesg, #dessertsg, #agaragar, #agarcakesingapore, #nokonnyaku, #nokonjac, #beoriginal, #beextraordinary, #besurprised, #wahoo, #localdessert"
240,https://www.instagram.com/p/CRISSWCnf-R/,"#kopitiam, #sg, #sgdaily, #sgfood, #sgfoodies, #hawkerculturesg, #hawkerfood, #hawkerfoodsg, #hawkercentre, #food, #foodie, #foodporn, #foodstagram, #foodphotography, #foodblogger, #foodstylist, #foodpics, #foodart, #foodstyling, #foodblog, #foodlovers, #singapore, #singaporelife, #singaporelife, #supportlocalsg, #supportlocal, #supportsmallbusiness, #support, #cheap, #travel, #travelphotography"
241,https://www.instagram.com/p/CTZrJsAhuqS/,"#Grab50thHawkerCentre, #GrabforGood, #hawkerfoodsg, #sghawkers, #fooddeliverysg, #grabfood, #hawkerfare, #sghawkerfood, #hawkerculturesg, #sghawker"
242,https://www.instagram.com/p/CSgCArTHfxj/,"#DCfoodjournal, #fishsoup, #hawker, #hawkerfood, #hawkercentre, #sghawker, #hawkerfoodsg, #hawkersg, #sghawkerfood, #hawkerculture, #hawkerculturesg, #sgfood, #sgfoodies, #instafood, #foodstagram, #foodie, #sgfoodie, #sgeats, #foodphotography, #sgfoodtrend, #sgfoodblogger, #burpple, #igfood, #sgfoodporn, #singaporefood, #sgfooddiary, #supportlocal"
243,https://www.instagram.com/p/CTR7mBfBO5D/,"#instafoodsg, #instafood, #locateats, #sgeats, #localjiak, #sgfoodie, #foodiesg, #sgfood, #comfortfood, #hawkerfood, #hawkerculturesg, #hawkerfoodsg, #dinner, #fishandchips, #plqmall"
244,https://www.instagram.com/p/COaiZCVncdk/,"#livelife, #livelifetothefullest, #curious, #singaporefood, #singaporefoodie, #foodporn, #exploration, #lifeblog, #lifeblogger, #grateful, #foodcoma, #lifestories, #grateful, #hawkerfood, #hawkerculture, #hawkerculturesg, #lunch, #beehoon, #stjohnisland, #lazarusisland, #beprepared, #curiousaccountant"
245,https://www.instagram.com/p/COSnnmilfoY/,"#nasilemakayamtaliwang, #nasilemakayamtaliwangsg#halalfoodie#halalfoodiesg#halalfood#hawkercentresg#hawkerculturesg, #bestnasilemaksg, #bestnasilemakintown#worththewait"
246,https://www.instagram.com/p/CNQEmV0HNBq/,"#DaJie, #DaJieBedok, #DaJieMakanPlace, #DaJieNiangDouFu, #whattoeat, #sghalal, #halalfoodsg, #instasg, #sgig, #whatissingapore, #iluvsg, #whati8today, #sgfoodie, #shiokfoodfind, #singaporeinsiders, #eatoutsg, #8DaysEat, #singaporeeats, #SgHeritageFood, #HawkercultureSg, #ourhawkerculture, #yongtaufoo, #yongtaufu, #ÈáÄË±ÜËÖê, #hakkayongtaufoo, #ampangyongtaufoo, #mala, #È∫ªËæ£È¶ôÈîÖ, #kampungfriedrice, #simpangbedok"
247,https://www.instagram.com/p/CZWSBrNrYzE/,"#hawkerculturesg, #singaporefood"
248,https://www.instagram.com/p/CVcCa56vqZX/,"#01-27,, #bakchormee#yishunparkhawkercentre#meekia#meekiadry#chashu#chashupork#porkball#porkballs#fishball#mincedpork#mincedmeat#noodles#porklard#onsenegg#egg#porkfat#saucynoodles#hawkers#hawkerculture#hawkerculturesg#sgfoodie#sgfoodies#sgfoodporn#foodporn#sgeats"
249,https://www.instagram.com/p/COrdwPZnz1V/,"#instafoodsg, #instafood, #locateats, #sgeats, #localjiak, #sgfoodie, #foodiesg, #sgfood, #hawkerculturesg, #hawkerfoodsg, #hawkerfood, #sghawkerfood, #yummy, #dinner"
250,https://www.instagram.com/p/CP5F9tbHwH6/,"#instafoodsg, #instafood, #locateats, #localfood, #sgeats, #localjiak, #sgfoodie, #foodiesg, #sgfood, #comfortfood, #hawkerfood, #hawkerculturesg, #hawkerfoodsg, #angkukueh, #Á∫¢ÈæüÁ≤ø, #ÂêâÁ••Á∫¢ÈæüÁ≤ø, #jixiangangkukueh"
251,https://www.instagram.com/p/COX-FOJhrKN/,"#nasilemakayamtaliwang, #nasilemakayamtaliwangsg#halalfoodie#halalfoodiesg#halalfood#hawkercentresg#hawkerculturesg, #bestnasilemaksg, #bestnasilemakintown#worththewait"
252,https://www.instagram.com/p/CWr5SYzPo-4/,"#ahgohgohlaksa, #nourishyoursoul, #singaporefoodie, #singaporefoodporn, #singaporeüá∏üá¨, #shiokfoodfind, #shiokfoodsg, #singaporefood, #singaporelife, #sgbreakfast, #sgfoodhunter, #sgfoodporn, #sgfoodstagram, #sgfoodies, #foodporn, #foodphotography, #foodshare, #foodstagram, #foodblogger, #foodheaven, #foodpornography, #foodpornsg, #supportlocalsg, #hawkerculturesg"
253,https://www.instagram.com/p/CNcjld7n4_r/,"#chinhogaixiao, #chinhojiak, #ÁîÑÂ•ΩÂêÉ, #ÁîÑÂ•Ω‰ªãÁªç, #supporthawker, #supportlocal, #hawkerfoodsg, #hawkerfood, #hawkersg, #hawkerculturesg, #hawkercentre, #hawker, #hawkerculture, #ourhawkerculture, #singaporefood, #singaporefoodie, #singaporehawkerfood, #sgfoodie, #sgfood, #sghawker, #sghawkerculture, #singaporefoodculture, #fochroad, #ÊúàÂÖâÊ≤≥Á≤â, #superwokhey"
254,https://www.instagram.com/p/CYyMbMKPIvC/,"#instafoodsg, #instafood, #locateats, #indulgence, #sgfoodie, #foodiesg, #sgfood, #eatsg, #fooddiarysg, #comfortfood, #cafefood, #cafesg, #brunch, #sgcafe, #hawkerfood, #sghawkerfood, #hawkerculturesg, #hawkerfoodsg, #localjiak, #sgeats"
255,https://www.instagram.com/p/CZQuDAxP6O5/,"#eatnowburnnexttime, #SingaporeFood, #SGFoodies, #sgfood, #sgfoodblogger, #sgfooddiary, #sgfoodlover, #foodporn, #foodstagram, #foodie, #foodgasm, #instafoodsg, #instafoodie, #foodofinstagram, #foodinsg, #foodpornasia, #foodshare, #foodforfoodies, #foodspotting, #igfood, #foodphotographer, #foodiesg, #foodiesofinstagram, #foodiesofig, #sgfoodtrend, #sgfoodhunt, #sgfoodporn, #sgfoodie, #friedchickenwings, #hawkerculturesg"
256,https://www.instagram.com/p/CXqcS35Pdrg/,"#supportlocalsg, #supporthawkersg, #hawkerculturesg, #ilovehawkerfood, #simsvista, #simsvistamarketandfoodcentre, #greenchilichickenrice, #yummyfood, #flightmeal‚úàÔ∏è, #airlinefoodselfie, #joyousdec21"
257,https://www.instagram.com/p/CPK9WSYLVle/,"#kopifrens, #kopifrensfood, #hawkerfoodsg, #sghawkerculture, #sghawker, #sghawkercentre, #sghawkerfood, #hawkerheritage, #hawkerculturesg, #honglimfoodcentre, #sgfoodie, #supportlocalsg, #hawkerfoodsg"
258,https://www.instagram.com/p/CYk9BLJupeo/,"#linoleumprint, #linocutting, #linoprinting, #print, #prints, #printmaking, #printstudio, #printmaker, #printmakingart, #printmakingstudio, #singapore, #singaporefood, #hawkerfood, #hawkerfoodsg, #hawkerculturesg, #pngkueh"
259,https://www.instagram.com/p/CNwTnypnc0T/,"#meepoktah, #meepok, #bakchormee, #bcm, #mincedporknoodles, #fishballnoodles, #honglimfoodcentre, #chinatown, #hawkercentre, #hawkerfood, #hawkerfoodsg, #hawkerculture, #hawkerculturesg, #sgfood, #singaporefood, #localfood, #foodporn, #foodpornsg, #instafood, #instafoodsg, #foodgram, #foodgramsg, #foodstagram, #foodblogger, #foodbloggerSG, #foodies, #foodshare, #foodgasm, #foodforthought"
260,https://www.instagram.com/p/CSizHN5H1Ix/,"#Â∞èÁ¢∫Âπ∏, #ËÇâÈ™®Ëå∂, #‰ªéÂÆπ, #ÊîØÊåÅÂ∞èË¥©ÊñáÂåñ, #Á±≥ÂÖ∂ÊûóÂøÖÊØîÁôªÊé®Ëñ¶, #BakKutTeh, #SgFoodie, #JooSiahBKT, #FoodieSg, #SupportLocalSg, #HawkerCultureSg, #CoffeeShopEats, #bibgourmand2021"
261,https://www.instagram.com/p/CWu3eGpP4vi/,"#nourishyoursoul, #singaporefoodie, #singaporefoodporn, #singaporeüá∏üá¨, #shiokfoodfind, #shiokfoodsg, #singaporefood, #singaporelife, #sgbreakfast, #sgfoodhunter, #sgfoodporn, #sgfoodstagram, #sgfoodies, #foodporn, #foodphotography, #foodshare, #foodstagram, #foodblogger, #foodheaven, #foodpornography, #foodpornsg, #supportlocalsg, #hawkerculturesg"
262,https://www.instagram.com/p/CXDkjklPQRr/,"#pngkueh, #lino, #linocutprint, #linocut, #linoprint, #linoleumprint, #linocutting, #linoprinting, #print, #prints, #printmaking, #printstudio, #printmaker, #printmakingart, #printmakingstudio, #singapore, #singaporefood, #hawkerfood, #hawkerfoodsg, #hawkerculturesg, #sghawkerfood, #sghawkerculture, #sghawkers"
263,https://www.instagram.com/p/CPFWL8MFchL/,"#foodstagram, #foodporn, #food, #sgfood, #sgfoodies, #sgcafe, #whati8today, #hawkerfood, #sgrestaurant, #sgfoodies, #sgfooddiary, #sgfoodhunt, #sgfoodblogger, #chinesefood, #chinese, #zichar, #zicharfood, #hawker, #hawkerfoodsg, #covid, #phase2, #curryrice, #curry, #supportsmallbusiness, #hawkerculture, #hawkerculturesg, #foodie"
264,https://www.instagram.com/p/CPYYT_yH-y1/,"#chinhogaixiao, #chinhojiak, #ÁîÑÂ•ΩÂêÉ, #ÁîÑÂ•Ω‰ªãÁªç, #supporthawker, #supportlocal, #hawkerfoodsg, #hawkerfood, #hawkersg, #hawkerculturesg, #hawkercentre, #hawker, #hawkerculture, #ourhawkerculture, #singaporefood, #singaporefoodie, #singaporehawkerfood, #sgfoodie, #sgfood, #sghawker, #sghawkerculture, #singaporefoodculture, #seafoodsoup, #seafood, #barchor, #fishsoup, #alexandravillage"
265,https://www.instagram.com/p/CUY-R_bvo-O/,"#movingplates, #lino, #linocutprint, #linocut, #linoprint, #linoleumprint, #linocutting, #linoprinting, #print, #prints, #printmaking, #printstudio, #printmaker, #printmakingart, #printmakingstudio, #awagami, #awagamipaper, #cranfieldcolours, #ironfrogpress, #singapore, #singaporefood, #hawkerfood, #hawkerfoodsg, #hawkerculturesg"
266,https://www.instagram.com/p/CQ2i6vyHH8D/,"#singapore, #singaporefood, #singaporelife, #singaporehawkerfood, #hawkerfood, #hawkerfoodsg, #nhbsg, #rediscoversingapore, #hawkerculture, #hawkerculturesg, #greattastingfood, #singaporeidentity, #communitydiningroom, #uniquelysingapore"
267,https://www.instagram.com/p/CXa17MWAa7k/,"#wakerchickensg, #wakerchicken, #hawkerfood, #hawkersg, #hawkerculturesg, #supportlocalsg, #localbusiness, #supportlocal, #whatieatinaday, #koreanfriedchicken"
268,https://www.instagram.com/p/CYYUZXSPgd1/,"#throwback, #instafoodsg, #instafood, #locateats, #localjiak, #sgeats, #sgfoodie, #foodiesg, #sgfood, #eatsg, #fooddiarysg, #hawkerfood, #sghawkerfood, #hawkerculturesg, #hawkerfoodsg, #localdelights, #supportlocalsg, #dinner"
269,https://www.instagram.com/p/CUeMeUwPxh1/,"#movingplates, #lino, #linocutprint, #linocut, #linoprint, #linoleumprint, #linocutting, #linoprinting, #print, #prints, #printmaking, #printstudio, #printmaker, #printmakingart, #printmakingstudio, #awagami, #awagamipaper, #cranfieldcolours, #ironfrogpress, #singapore, #singaporefood, #hawkerfood, #hawkerfoodsg, #hawkerculturesg"
270,https://www.instagram.com/p/CRi7N7rDhad/,
271,https://www.instagram.com/p/COSnV_XlAOo/,"#nasilemakayamtaliwang, #nasilemakayamtaliwangsg#halalfoodie#halalfoodiesg#halalfood#hawkercentresg#hawkerculturesg, #bestnasilemaksg, #bestnasilemakintown#worththewait"
272,https://www.instagram.com/p/CWFGRw-ve7F/,"#byo, #munchidelights, #yishunparkhawkercentre, #minjiangkueh, #pancake"
273,https://www.instagram.com/p/CYvjJnGPwHO/,"#SeeSeeEatEat, #LetsEatAndPlay, #CKT, #HawkerCultureSg, #GoodEats, #ËìùÂ§©ÁôΩ‰∫ë, #ÂíñÂï°È¶ô, #Â•ΩÂ•ΩÂêÉÈ•≠"
274,https://www.instagram.com/p/CQ_S9lslXc0/,"#foodstagram, #foodporn, #food, #sgfood, #sgfoodies, #sgcafe, #whati8today, #hawkerfood, #sgrestaurant, #sgfoodies, #sgfooddiary, #sgfoodhunt, #sgfoodblogger, #chinesefood, #chinese, #zichar, #zicharfood, #hawker, #hawkerfoodsg, #orhluaksg, #orhluak, #oysteromellete, #oyster, #supportsmallbusiness, #hawkerculture, #hawkerculturesg, #singaporefood, #sginfluencer"
275,https://www.instagram.com/p/CQFhjckJOLA/,"#travelsoon, #travelgoals, #traveldiary, #travelathome, #touristinhomecountry, #kopio, #carrotcake, #hawkerculture, #hawkerculturesg, #hawkerfood, #sghawkerculture, #hawkercentre, #ourhawkerculture, #foodporn, #hawkerlegacy, #eatlikeaqueen, #eatlikealocal, #localcoffee, #localculture, #localpeople, #localeats, #localfood, #localway"
276,https://www.instagram.com/p/CPLUFINLGOs/,#hawkerculturesg
277,https://www.instagram.com/p/CNbE4YzH6iv/,"#coffeeshop, #noodles, #ytf, #sgfoodies, #hawkerculturesg"
278,https://www.instagram.com/p/CZbr9nVPL23/,"#sgfoodies, #sgfood, #sgeats, #burpplesg, #instafoodsg, #jiaklocal, #hawkerfoodsg, #sgfoodtrend, #globaleats, #thefoodieinitiative, #foodiesinternationalchat, #sgfoodblogger, #foodiesg, #foodsg, #singaporefood, #singaporefoodie, #eatbooksg, #8dayseat, #sgfoodhunt, #sgigfood, #hawkerculturesg, #eatoutsg, #yishun, #porridgesg, #yishuneats, #porridge, #kekoumian"
279,https://www.instagram.com/p/CNsFCpuH2nB/,"#nasilemak, #chinesenasilemak, #tanjongpagar, #chinhogaixiao, #chinhojiak, #ÁîÑÂ•ΩÂêÉ, #ÁîÑÂ•Ω‰ªãÁªç, #supporthawker, #supportlocal, #hawkerfoodsg, #hawkerfood, #hawkersg, #hawkerculturesg, #hawkercentre, #hawker, #hawkerculture, #ourhawkerculture, #singaporefood, #singaporefoodie, #singaporehawkerfood, #sgfoodie, #sgfood, #sghawker, #sghawkerculture, #singaporefoodculture"
280,https://www.instagram.com/p/CZBiNDxL-hB/,"#lino, #linoleumprint, #linocutting, #linoprinting, #print, #prints, #printmaking, #printstudio, #printmaker, #printmakingart, #printmakingstudio, #awagami, #awagamipaper, #cranfieldcolours, #ironfrogpress, #singapore, #singaporefood, #hawkerfood, #hawkerfoodsg, #hawkerculturesg, #pngkueh"
281,https://www.instagram.com/p/CXfRi4qLz_R/,"#affordable, #awesomefood, #delicious, #explorefood, #foodporn, #food, #foodie, #foodhunt, #foodreview, #foodexploring, #goodfood, #hueats, #hawkerculturesg, #hawker, #hawkerfood, #hungry, #iwannacomebackhere, #ilikefood, #impressive, #iwillbeback, #lovefood, #liveforfood, #meihueats, #sggdfood, #sgfood, #noodles, #fishballnoodles, #fishball, #foodcomparing, #fightofthebestfishballnoodle"
282,https://www.instagram.com/p/CZWQnSYLiB3/,"#hawkerculturesg, #singaporefood"
283,https://www.instagram.com/p/CQNIEqXryRg/,
284,https://www.instagram.com/p/CSJuuHFFw8J/,"#exploretocreate, #exploresingapore, #cityscape, #neverstopexploring, #urbangallery, #chinatownsg, #singaporestreetscape, #covidlifestyle, #prelockdownlife, #lifeinsingapore, #igersone, #thisissingapore, #shoot2kill, #imaginatones, #hawkerculturesg, #urbanstreet, #capturestreets, #streetshots, #street_gallery, #streetframe, #streetvision, #sgphotographer, #streetphotography, #streetgrammers, #nikonz7, #nikonsg, #nikonphotography, #illgrammers, #instamagazine, #twgrammersy"
285,https://www.instagram.com/p/COWgjFdn-xE/,"#queenstown, #abcbrickworksmarket, #abcmarket, #abcfood, #abcbrickworksfoodcentre, #sghawker, #sglocal, #hawkerfoodsg, #hawkerculturesg, #queenstownfood, #meepok"
286,https://www.instagram.com/p/CYTXX4Kv6XX/,"#01-26, #sgfoodies, #sgfood, #sgeats, #burpplesg, #instafoodsg, #jiaksimipng, #jiaklocal, #hawkerfoodsg, #sgfoodtrend, #globaleats, #thefoodieinitiative, #foodiesinternationalchat, #sgfoodblogger, #foodiesg, #foodsg, #singaporefood, #singaporefoodie, #eatbooksg, #8dayseat, #sgfoodhunt, #sgigfood, #hawkerculturesg, #eatoutsg, #zionriverside, #friedcarrotcake, #carrotcake, #foodporn, #lunch, #hawkerfood"
287,https://www.instagram.com/p/COMma-iHtUv/,"#livelife, #livelifetothefullest, #curious, #singaporefood, #singaporefoodie, #foodporn, #exploration, #lifeblog, #lifeblogger, #grateful, #foodcoma, #lifestories, #grateful, #redcross, #hawkerfood, #hawkerculture, #hawkerculturesg, #noodles, #drynoodles, #drynoodle"
288,https://www.instagram.com/p/CRvUiazHMyQ/,Error
289,https://www.instagram.com/p/COvBGZkBMl8/,"#staysafe, #stayhealthy, #rwp, #eidmubarak, #amoystreetfoodcenter, #amoystreetfoodcentre, #hawkerculture, #hawkerculturesg, #sghawkerfood, #halalsg, #rayyanswaroengupnormal, #foodstagram, #instafood, #foodporn, #hariraya, #eidilfitri"
290,https://www.instagram.com/p/CQpZcB7B3nG/,"#, #"
291,https://www.instagram.com/p/COVfbkmHVvy/,"#chinhogaixiao, #chinhojiak, #ÁîÑÂ•ΩÂêÉ, #ÁîÑÂ•Ω‰ªãÁªç, #supporthawker, #supportlocal, #hawkerfoodsg, #hawkerfood, #hawkersg, #hawkerculturesg, #hawkercentre, #hawker, #hawkerculture, #ourhawkerculture, #singaporefood, #singaporefoodie, #singaporehawkerfood, #sgfoodie, #sgfood, #sghawker, #sghawkerculture, #singaporefoodculture, #barchormee, #barchormeesoup, #eunos, #eunosbarchormee"
292,https://www.instagram.com/p/CO4D5FcHiRU/,"#kueh, #angkukueh, #tapiocakueh, #kuehlover, #hawkerfoodsg, #hawkercentre, #hawkerculturesg, #sgfoodie, #supporthawker, #goodmorning, #fondmemories"
293,https://www.instagram.com/p/CSL-UG5nRD2/,"#instafoodsg, #instafood, #locateats, #sgeats, #sgfoodie, #foodiesg, #sgfood, #localjiak, #hawkerfood, #sghawkerfood, #hawkerculturesg, #hawkerfoodsg, #tabaolunch, #P2HA"
294,https://www.instagram.com/p/CNygzZDMmcc/,"#lino, #linocutprint, #linocut, #linoprint, #linoleumprint, #linocutting, #linoprinting, #print, #prints, #printmaking, #printstudio, #printmaker, #printmakingart, #printmakingstudio, #singapore, #singaporefood, #hawkerfood, #hawkerfoodsg, #hawkerculturesg, #sghawkerfood, #sghawkerculture, #sghawkers"
295,https://www.instagram.com/p/CUeKKJSh4m-/,"#movingplates, #brandcodes, #lino, #linocutprint, #linocut, #linoprint, #linoleumprint, #linocutting, #linoprinting, #print, #prints, #printmaking, #printstudio, #printmaker, #printmakingart, #printmakingstudio, #awagami, #awagamipaper, #cranfieldcolours, #ironfrogpress, #singapore, #singaporefood, #hawkerfood, #hawkerfoodsg, #hawkerculturesg"
296,https://www.instagram.com/p/CW2y2NCvctc/,"#wakerchickensg, #wakerchicken, #friedchicken, #koreanfood, #supportlocalsg, #supporthawker, #hawkers, #sgfood, #sgfoodies, #sghawkerculture, #hawkerculturesg, #sgfoodporn, #sgeats, #sgeatout, #sgunited"
297,https://www.instagram.com/p/CTwZawLB9KJ/,"#DCfoodjournal, #famouseunosbakchormee, #hawker, #hawkerfood, #hawkercentre, #sghawker, #hawkerfoodsg, #hawkersg, #sghawkerfood, #hawkerculture, #hawkerculturesg, #sgfood, #sgfoodies, #sgfoodie, #sgeats, #sgfoodtrend, #sgfoodblogger, #burpple, #sgfoodporn, #singaporefood, #sgfooddiary"
298,https://www.instagram.com/p/CS9AvloHggk/,"#01-36,, #DCfoodjournal, #carrotcake, #chompchompfoodcentre, #hawker, #hawkerfood, #hawkercentre, #sghawker, #hawkerfoodsg, #hawkersg, #sghawkerfood, #hawkerculture, #hawkerculturesg, #sgfood, #sgfoodies, #foodie, #sgfoodie, #sgeats, #sgfoodtrend, #sgfoodblogger, #burpple, #sgfoodporn, #singaporefood, #sgfooddiary"
299,https://www.instagram.com/p/CTb6d2_nhZp/,"#01-17,, #DCfoodjournal, #oldshifucharcoalporridge, #cantoneseporridge, #hawker, #hawkerfood, #hawkercentre, #sghawker, #hawkerfoodsg, #hawkersg, #sghawkerfood, #hawkerculture, #hawkerculturesg, #sgfood, #sgfoodies, #foodie, #sgfoodie, #sgeats, #sgfoodtrend, #sgfoodblogger, #burpple, #sgfoodporn, #singaporefood, #sgfooddiary"
300,https://www.instagram.com/p/CUZDBYJvDlE/,"#hokkienmee, #hokkienprawnmee, #newtonfoodcentre, #hawkerfood, #hawkerfoodsg, #hawkerculturesg, #sgeats, #sgfood, #sgfoodie"
301,https://www.instagram.com/p/CKbRJsGMgLF/,"#hawkerculture, #hawkerculturesg, #wallmural, #murals, #wallart, #muralartist, #wallpainting, #muralart, #hawkercentre, #hawkercentrefood, #hawkercentres, #hawkercentresg, #leekuanyew, #leekuanyewtribute, #leehsienloong, #singaporean, #singaporeüá∏üá¨, #singaporetravel, #singaporetrip, #sginstagram, #sginfluencer, #sginstagrammers, #sgphotography, #sgphotoshoot, #singapore_insta, #singaporecity, #sgtravelblogger, #localtravel, #localtrails"
302,https://www.instagram.com/p/CY_p1n9Pudn/,"#lino, #linoleumprint, #linocutting, #linoprinting, #print, #prints, #printmaking, #printstudio, #printmaker, #printmakingart, #printmakingstudio, #singapore, #singaporefood, #hawkerfood, #hawkerfoodsg, #hawkerculturesg, #pngkueh"
303,https://www.instagram.com/p/CTdl7TXBG8h/,"#lino, #linocutprint, #linocut, #linoprint, #linoleumprint, #linocutting, #linoprinting, #print, #prints, #printmaking, #printstudio, #printmaker, #printmakingart, #printmakingstudio, #singapore, #singaporefood, #hawkerfood, #hawkerfoodsg, #hawkerculturesg, #sghawkerfood, #sghawkerculture, #sghawkers"
304,https://www.instagram.com/p/CV7VauYP14A/,"#instafoodsg, #instafood, #locateats, #sgeats, #localjiak, #sgfoodie, #foodiesg, #sgfood, #eatsg, #fooddiarysg, #hawkerfoodsg, #hawkerfood, #sghawkerfood, #hawkerculturesg, #braisedduck"
305,https://www.instagram.com/p/CZVlbXZvrHE/,"#hawkerculturesg, #singaporefood, #hawkercenter"
306,https://www.instagram.com/p/CRasGBqHXFw/,"#instafoodsg, #instafood, #locateats, #localjiak, #sgeats, #sgfoodie, #foodiesg, #sgfood, #hawkerculturesg, #hawkerfoodsg, #hawkerfood, #sghawkerfood, #zicharsg, #zichardinner, #chillicrabü¶Ä, #chillicrabs, #blessed"
307,https://www.instagram.com/p/CZWTI6ELpBR/,#hawkerculturesg
308,https://www.instagram.com/p/CNmqphRst6I/,"#telokblangahcrescrentfoodcentre, #meehoonkway, #hawkerculturesg, #hawkerfood, #lovesg, #lovehawkerfood"
309,https://www.instagram.com/p/CNpUQQunzua/,"#hawkerculturesg, #sghawkerfood"
310,https://www.instagram.com/p/CNSfWDBnpCv/,"#chinhogaixiao, #chinhojiak, #ÁîÑÂ•ΩÂêÉ, #ÁîÑÂ•Ω‰ªãÁªç, #supporthawker, #supportlocal, #hawkerfoodsg, #hawkerfood, #hawkersg, #hawkerculturesg, #hawkercentre, #hawker, #hawkerculture, #ourhawkerculture, #singaporefood, #singaporefoodie, #singaporehawkerfood, #sgfoodie, #sgfood, #sghawker, #sghawkerculture, #singaporefoodculture, #abcmarket, #abchawkercentre, #friedrice, #ÁÇíÈ•≠"
311,https://www.instagram.com/p/COiEJHOnz-w/,"#livelife, #livelifetothefullest, #curious, #singaporefood, #singaporefoodie, #foodporn, #exploration, #lifeblog, #lifeblogger, #grateful, #foodcoma, #lifestories, #grateful, #hawkerfood, #hawkerculture, #hawkerculturesg, #noodles, #walkabout"
312,https://www.instagram.com/p/CO45TSrHgOa/,
313,https://www.instagram.com/p/CYqzfZKP0_I/,"#instafoodsg, #instafood, #locateats, #sgeats, #localjiak, #sgfoodie, #foodiesg, #sgfood, #eatsg, #fooddiarysg, #hawkerfood, #sghawkerfood, #hawkerculturesg, #hawkerfoodsg, #dinner, #greatcatchup, #blessed, #thankful"
314,https://www.instagram.com/p/COMiDDcgSY0/,
315,https://www.instagram.com/p/CUHhKjXPncU/,"#foodblogger, #foodlovers, #foodphotography, #igfood, #foodgram, #notsponsored, #meerebus, #hawkerfood, #hawkerculturesg, #hawkerculture, #malayfood, #nolimit, #mobilephotography, #throwback"
316,https://www.instagram.com/p/CTjAlsantQ-/,"#1, #04-44,, #DCfoodjournal, #top1handmadenoodle, #handmadenoodles, #beautyworldcentre, #hawker, #hawkerfood, #hawkercentre, #sghawker, #hawkerfoodsg, #hawkersg, #sghawkerfood, #hawkerculture, #hawkerculturesg, #sgfood, #sgfoodies, #foodie, #sgfoodie, #sgeats, #sgfoodtrend, #sgfoodblogger, #burpple, #sgfoodporn, #singaporefood, #sgfooddiary"
317,https://www.instagram.com/p/CSpM2tlh_Q-/,"#01-38,, #DCfoodjournal, #cheecheongfunclub, #cheecheongfun, #maxwellfoodcentre, #hawker, #hawkerfood, #hawkercentre, #sghawker, #hawkerfoodsg, #hawkersg, #sghawkerfood, #hawkerculture, #hawkerculturesg, #sgfood, #sgfoodies, #instafood, #foodstagram, #foodie, #sgfoodie, #sgeats, #foodphotography, #sgfoodtrend, #sgfoodblogger, #burpple, #igfood, #sgfoodporn, #singaporefood, #sgfooddiary"
318,https://www.instagram.com/p/CSHSBCdHJly/,"#wfh, #ljonelrecommends, #hakkacusine, #singapore, #supportlocalbusiness"
319,https://www.instagram.com/p/COxbBx6AlPp/,"#culturespoonsg, #coworkingkitchen, #sgfood, #sgfoodie, #nyonyafusion, #nasilemak, #bluepea, #butterflypea, #rendangchicken, #jiaklocal, #hawkerculturesg"
320,https://www.instagram.com/p/CS0v6GenW10/,"#tomyum, #tomyumdrybanmian, #drybanmian, #banmian, #drybanmee, #tomyumdry, #banmee, #sghawker, #sghawkerfood, #sghawkerculture, #sghawkers, #sghawkereats, #sghawkerfest, #sghawkercentre, #sghawkerfare, #hawkerfood, #hawker, #hawkerfoodsg, #hawkercentre, #hawkerculture, #hawkerculturesg, #sgfood, #sgfoodieparadise, #sgfoodies, #sgfoodie, #sgfoodporn, #sgfoodpic, #sgfoodphotography, #supportlocal, #supportlocalsg"
